username,password,title,author,isbn,quantity
thilakwilson@gmail.com,Juhi@1234,abc,startbuks,10,1
roberttaylor@gmail.com,Juhi@1234,efg,ahold,11,2
charlesarnold@gmail.com,Juhi@1234,hij,startbuks,12,3
shikarsmith@gmail.com,Juhi@1234,klm,ahold,13,4
glennjackson@gmail.com,Juhi@1234,nop,startbuks,14,5
nicolejacobs@gmail.com,Juhi@1234,qrs,ahold,15,6
paavanadugf@gmail.com,Juhi@1234,abc,startbuks,16,7
kedarmoore@gmail.com,Juhi@1234,efg,ahold,17,8
shobanawright@gmail.com,Juhi@1234,hij,startbuks,18,9
jamesasdugas@gmail.com,Juhi@1234,klm,ahold,19,10
johnplkdfond@gmail.com,Juhi@1234,abc,startbuks,10,11
varunasdasjkkj@gmail.com,Juhi@1234,efg,ahold,11,12
stevekumargadhiya@gmail.com,Juhi@1234,hij,startbuks,12,13
barbarajackson@gmail.com,Juhi@1234,klm,ahold,13,14
shobhaeuiewiu@gmail.com,Juhi@1234,nop,startbuks,14,15
manjumoore@gmail.com,Juhi@1234,qrs,ahold,15,16
charlesjacobs@gmail.com,Juhi@1234,abc,startbuks,16,17
shobharobinson@gmail.com,Juhi@1234,efg,ahold,17,18
satishtaylor@gmail.com,Juhi@1234,hij,startbuks,18,19
joeadugf@gmail.com,Juhi@1234,klm,ahold,19,20
ashwiniasdgagh@gmail.com,Juhi@1234,abc,startbuks,10,21
iplmiller@gmail.com,Juhi@1234,efg,ahold,11,22
coreywright@gmail.com,Juhi@1234,hij,startbuks,12,23
klwilson@gmail.com,Juhi@1234,klm,ahold,13,24
nicolemurgod@gmail.com,Juhi@1234,nop,startbuks,14,25
ashwiniasdasjkkj@gmail.com,Juhi@1234,qrs,ahold,15,26
ecfgtbrown@gmail.com,Juhi@1234,abc,startbuks,16,27
johnsurwihufd@gmail.com,Juhi@1234,efg,ahold,17,28
robertdijlghijgj@gmail.com,Juhi@1234,hij,startbuks,18,29
nicolewilson@gmail.com,Juhi@1234,klm,ahold,19,30
aishuanderson@gmail.com,Juhi@1234,abc,startbuks,10,31
maryjacobs@gmail.com,Juhi@1234,efg,ahold,11,32
ecfgteuiewiu@gmail.com,Juhi@1234,hij,startbuks,12,33
paavanjones@gmail.com,Juhi@1234,klm,ahold,13,34
abcdasdgagh@gmail.com,Juhi@1234,nop,startbuks,14,35
joedoe@gmail.com,Juhi@1234,qrs,ahold,15,36
charlesmoore@gmail.com,Juhi@1234,abc,startbuks,16,37
viratasdugas@gmail.com,Juhi@1234,efg,ahold,17,38
jenniferharris@gmail.com,Juhi@1234,hij,startbuks,18,39
shobhaagyuyaugfr@gmail.com,Juhi@1234,klm,ahold,19,40
mohammedtwuejczb@gmail.com,Juhi@1234,abc,startbuks,10,41
paavansurwihufd@gmail.com,Juhi@1234,efg,ahold,11,42
mswright@gmail.com,Juhi@1234,hij,startbuks,12,43
iplanderson@gmail.com,Juhi@1234,klm,ahold,13,44
shikarjackson@gmail.com,Juhi@1234,nop,startbuks,14,45
joeanderson@gmail.com,Juhi@1234,qrs,ahold,15,46
roberteuiewiu@gmail.com,Juhi@1234,abc,startbuks,16,47
steveeuiewiu@gmail.com,Juhi@1234,efg,ahold,17,48
shobhastuart@gmail.com,Juhi@1234,hij,startbuks,18,49
glenngopala@gmail.com,Juhi@1234,klm,ahold,19,50
manjuplkdfond@gmail.com,Juhi@1235,efg,ahold,20,51
hemalkumargadhiya@gmail.com,Juhi@1235,hij,startbuks,21,52
ashwinipatterson@gmail.com,Juhi@1235,klm,ahold,22,53
ashwinianabalagan@gmail.com,Juhi@1235,efg,ahold,23,54
samanderson@gmail.com,Juhi@1235,hij,startbuks,24,55
michaeldavis@gmail.com,Juhi@1235,klm,ahold,25,56
coreymurgod@gmail.com,Juhi@1235,efg,ahold,26,57
shobhajacobs@gmail.com,Juhi@1235,hij,startbuks,27,58
hemaljackson@gmail.com,Juhi@1235,klm,ahold,28,59
manjujefferson@gmail.com,Juhi@1235,efg,ahold,29,60
viratmurgod@gmail.com,Juhi@1236,hij,startbuks,30,61
bhuavantwuejczb@gmail.com,Juhi@1236,klm,ahold,31,62
ecfgtsmith@gmail.com,Juhi@1236,efg,ahold,32,63
paavandoe@gmail.com,Juhi@1236,hij,startbuks,33,64
daveharris@gmail.com,Juhi@1236,klm,ahold,34,65
patriciaanderson@gmail.com,Juhi@1236,efg,ahold,35,66
shikararnold@gmail.com,Juhi@1236,hij,startbuks,36,67
shikarmoore@gmail.com,Juhi@1236,klm,ahold,37,68
mohammedmurgod@gmail.com,Juhi@1236,efg,ahold,38,69
janewhite@gmail.com,Juhi@1236,hij,startbuks,39,70
janeasgdjas@gmail.com,Juhi@1237,klm,ahold,40,71
karunjackson@gmail.com,Juhi@1237,efg,ahold,41,72
paavanmurgod@gmail.com,Juhi@1237,hij,startbuks,42,73
msarnold@gmail.com,Juhi@1237,klm,ahold,43,74
tombrown@gmail.com,Juhi@1237,efg,ahold,44,75
joerobinson@gmail.com,Juhi@1237,hij,startbuks,45,76
shikarmiller@gmail.com,Juhi@1237,klm,ahold,46,77
jamesjenkins@gmail.com,Juhi@1237,efg,ahold,47,78
sharumiller@gmail.com,Juhi@1237,hij,startbuks,48,79
mohammedjohnson@gmail.com,Juhi@1237,klm,ahold,49,80
iplanabalagan@gmail.com,Juhi@1238,efg,ahold,50,81
ishantharnold@gmail.com,Juhi@1238,hij,startbuks,51,82
hemalanabalagan@gmail.com,Juhi@1238,klm,ahold,52,83
travisanabalagan@gmail.com,Juhi@1238,efg,ahold,53,84
ecfgtasdasjkkj@gmail.com,Juhi@1238,hij,startbuks,54,85
maggiestuart@gmail.com,Juhi@1238,klm,ahold,55,86
kurteuiewiu@gmail.com,Juhi@1238,efg,ahold,56,87
mohammedwilliams@gmail.com,Juhi@1238,hij,startbuks,57,88
ishantheuiewiu@gmail.com,Juhi@1238,klm,ahold,58,89
plygfa@gmail.com,Juhi@1238,efg,ahold,59,90
davekumargadhiya@gmail.com,Juhi@1239,hij,startbuks,60,91
davemartin@gmail.com,Juhi@1239,klm,ahold,61,92
marymurgod@gmail.com,Juhi@1239,efg,ahold,62,93
robertsmith@gmail.com,Juhi@1239,hij,startbuks,63,94
neilarnold@gmail.com,Juhi@1239,klm,ahold,64,95
kurtwilliams@gmail.com,Juhi@1239,efg,ahold,65,96
plstuart@gmail.com,Juhi@1239,hij,startbuks,66,97
kurtdavis@gmail.com,Juhi@1239,klm,ahold,67,98
robertasdasjkkj@gmail.com,Juhi@1239,efg,ahold,68,99
bhushanplkdfond@gmail.com,Juhi@1239,hij,startbuks,69,100
satishjackson@gmail.com,Juhi@1240,klm,ahold,70,101
travisbrown@gmail.com,Juhi@1240,efg,ahold,71,102
machapatterson@gmail.com,Juhi@1240,hij,startbuks,72,103
daveasdasjkkj@gmail.com,Juhi@1240,klm,ahold,73,104
stevearnold@gmail.com,Juhi@1240,efg,ahold,74,105
kurtsurwihufd@gmail.com,Juhi@1240,hij,startbuks,75,106
glennasgdjas@gmail.com,Juhi@1240,klm,ahold,76,107
joejacobs@gmail.com,Juhi@1240,efg,ahold,77,108
davetwuejczb@gmail.com,Juhi@1240,hij,startbuks,78,109
ashwiniplkdfond@gmail.com,Juhi@1240,klm,ahold,79,110
mariapatterson@gmail.com,Juhi@1241,efg,ahold,80,111
lindawright@gmail.com,Juhi@1241,hij,startbuks,81,112
varundavis@gmail.com,Juhi@1241,klm,ahold,82,113
ishanthdijlghijgj@gmail.com,Juhi@1241,efg,ahold,83,114
mohammedplkdfond@gmail.com,Juhi@1241,hij,startbuks,84,115
aishugopala@gmail.com,Juhi@1241,klm,ahold,85,116
manjujohnson@gmail.com,Juhi@1241,efg,ahold,86,117
varunwilson@gmail.com,Juhi@1241,hij,startbuks,87,118
laurapatterson@gmail.com,Juhi@1241,klm,ahold,88,119
tomwilson@gmail.com,Juhi@1241,efg,ahold,89,120
maggiekumargadhiya@gmail.com,Juhi@1242,hij,startbuks,90,121
ecfgtiuerote@gmail.com,Juhi@1242,klm,ahold,91,122
satishdavis@gmail.com,Juhi@1242,efg,ahold,92,123
karundijlghijgj@gmail.com,Juhi@1242,hij,startbuks,93,124
travisjacobs@gmail.com,Juhi@1242,klm,ahold,94,125
mohammedgopala@gmail.com,Juhi@1242,efg,ahold,95,126
maggiewhite@gmail.com,Juhi@1242,hij,startbuks,96,127
laurawilliams@gmail.com,Juhi@1242,klm,ahold,97,128
shobanataylor@gmail.com,Juhi@1242,efg,ahold,98,129
shobanaasdugas@gmail.com,Juhi@1242,hij,startbuks,99,130
shobhaasdgagh@gmail.com,Juhi@1243,klm,ahold,100,131
nicolebrown@gmail.com,Juhi@1243,efg,ahold,101,132
barbararobinson@gmail.com,Juhi@1243,hij,startbuks,102,133
patriciaasdasjkkj@gmail.com,Juhi@1243,klm,ahold,103,134
karunasgdjas@gmail.com,Juhi@1243,efg,ahold,104,135
maggiethomas@gmail.com,Juhi@1243,hij,startbuks,105,136
barbarapatterson@gmail.com,Juhi@1243,klm,ahold,106,137
joedavis@gmail.com,Juhi@1243,efg,ahold,107,138
ecfgtmartin@gmail.com,Juhi@1243,hij,startbuks,108,139
elizabethwright@gmail.com,Juhi@1243,klm,ahold,109,140
klanderson@gmail.com,Juhi@1244,efg,ahold,110,141
bhushaniuerote@gmail.com,Juhi@1244,hij,startbuks,111,142
laurasurwihufd@gmail.com,Juhi@1244,klm,ahold,112,143
akshaymurgod@gmail.com,Juhi@1244,efg,ahold,113,144
johnanabalagan@gmail.com,Juhi@1244,hij,startbuks,114,145
mohammedpatterson@gmail.com,Juhi@1244,klm,ahold,115,146
rohitharris@gmail.com,Juhi@1244,efg,ahold,116,147
msjones@gmail.com,Juhi@1244,hij,startbuks,117,148
elizabethjenkins@gmail.com,Juhi@1244,klm,ahold,118,149
neilasdasjkkj@gmail.com,Juhi@1244,efg,ahold,119,150
shikaragyuyaugfr@gmail.com,Juhi@1245,hij,startbuks,120,151
ashwiniasgdjas@gmail.com,Juhi@1245,klm,ahold,121,152
akshayanabalagan@gmail.com,Juhi@1245,efg,ahold,122,153
tomjacobs@gmail.com,Juhi@1245,hij,startbuks,123,154
shobhajefferson@gmail.com,Juhi@1245,klm,ahold,124,155
bhuavanjohnson@gmail.com,Juhi@1245,efg,ahold,125,156
tomwright@gmail.com,Juhi@1245,hij,startbuks,126,157
ecfgtjefferson@gmail.com,Juhi@1245,klm,ahold,127,158
thilakharris@gmail.com,Juhi@1245,efg,ahold,128,159
asvinidavis@gmail.com,Juhi@1245,hij,startbuks,129,160
glennjacobs@gmail.com,Juhi@1246,klm,ahold,130,161
charlesmiller@gmail.com,Juhi@1246,efg,ahold,131,162
kurtbrown@gmail.com,Juhi@1246,hij,startbuks,132,163
rohitjones@gmail.com,Juhi@1246,klm,ahold,133,164
mariawilks@gmail.com,Juhi@1246,efg,ahold,134,165
steveiuerote@gmail.com,Juhi@1246,hij,startbuks,135,166
abcdeuiewiu@gmail.com,Juhi@1246,klm,ahold,136,167
elizabethasdasjkkj@gmail.com,Juhi@1246,efg,ahold,137,168
maryarnold@gmail.com,Juhi@1246,hij,startbuks,138,169
kedarwilliams@gmail.com,Juhi@1246,klm,ahold,139,170
stevewhite@gmail.com,Juhi@1247,efg,ahold,140,171
sharujenkins@gmail.com,Juhi@1247,hij,startbuks,141,172
ecfgtdavis@gmail.com,Juhi@1247,klm,ahold,142,173
shobhaarnold@gmail.com,Juhi@1247,efg,ahold,143,174
neiliuerote@gmail.com,Juhi@1247,hij,startbuks,144,175
ecfgtmiller@gmail.com,Juhi@1247,klm,ahold,145,176
machathomas@gmail.com,Juhi@1247,efg,ahold,146,177
marydoe@gmail.com,Juhi@1247,hij,startbuks,147,178
tommurgod@gmail.com,Juhi@1247,klm,ahold,148,179
laurathomas@gmail.com,Juhi@1247,efg,ahold,149,180
mohammedasdugas@gmail.com,Juhi@1248,hij,startbuks,150,181
ecfgtygfa@gmail.com,Juhi@1248,klm,ahold,151,182
ishanthtwuejczb@gmail.com,Juhi@1248,efg,ahold,152,183
hemalmurgod@gmail.com,Juhi@1248,hij,startbuks,153,184
kurtplkdfond@gmail.com,Juhi@1248,klm,ahold,154,185
ecfgtjones@gmail.com,Juhi@1248,efg,ahold,155,186
asviniwilson@gmail.com,Juhi@1248,hij,startbuks,156,187
kltaylor@gmail.com,Juhi@1248,klm,ahold,157,188
shobanaasgdjas@gmail.com,Juhi@1248,efg,ahold,158,189
klstuart@gmail.com,Juhi@1248,hij,startbuks,159,190
plmurgod@gmail.com,Juhi@1249,klm,ahold,160,191
joepatterson@gmail.com,Juhi@1249,efg,ahold,161,192
tomjefferson@gmail.com,Juhi@1249,hij,startbuks,162,193
johnjackson@gmail.com,Juhi@1249,klm,ahold,163,194
manjumurgod@gmail.com,Juhi@1249,efg,ahold,164,195
mohammedmiller@gmail.com,Juhi@1249,hij,startbuks,165,196
robertwilson@gmail.com,Juhi@1249,klm,ahold,166,197
lindadavis@gmail.com,Juhi@1249,efg,ahold,167,198
thilakasgdjas@gmail.com,Juhi@1249,hij,startbuks,168,199
thilakstuart@gmail.com,Juhi@1249,klm,ahold,169,200
neiljenkins@gmail.com,Juhi@1250,efg,ahold,170,201
kurtstuart@gmail.com,Juhi@1250,hij,startbuks,171,202
manjugopala@gmail.com,Juhi@1250,klm,ahold,172,203
kedarwilks@gmail.com,Juhi@1250,efg,ahold,173,204
viratagyuyaugfr@gmail.com,Juhi@1250,hij,startbuks,174,205
paavandavis@gmail.com,Juhi@1250,klm,ahold,175,206
sharuwhite@gmail.com,Juhi@1250,efg,ahold,176,207
satishagyuyaugfr@gmail.com,Juhi@1250,hij,startbuks,177,208
lauraanabalagan@gmail.com,Juhi@1250,klm,ahold,178,209
stevesmith@gmail.com,Juhi@1250,efg,ahold,179,210
paavanpatterson@gmail.com,Juhi@1251,hij,startbuks,180,211
manjuasdgagh@gmail.com,Juhi@1251,klm,ahold,181,212
ishanthmartin@gmail.com,Juhi@1251,efg,ahold,182,213
travisstuart@gmail.com,Juhi@1251,hij,startbuks,183,214
klmurgod@gmail.com,Juhi@1251,klm,ahold,184,215
satishstuart@gmail.com,Juhi@1251,efg,ahold,185,216
neilbrown@gmail.com,Juhi@1251,hij,startbuks,186,217
glennrobinson@gmail.com,Juhi@1251,klm,ahold,187,218
davidtwuejczb@gmail.com,Juhi@1251,efg,ahold,188,219
ishanthstuart@gmail.com,Juhi@1251,hij,startbuks,189,220
bhushanjackson@gmail.com,Juhi@1252,klm,ahold,190,221
varunagyuyaugfr@gmail.com,Juhi@1252,efg,ahold,191,222
kldijlghijgj@gmail.com,Juhi@1252,hij,startbuks,192,223
barbarajenkins@gmail.com,Juhi@1252,klm,ahold,193,224
jenniferwright@gmail.com,Juhi@1252,efg,ahold,194,225
manjubrown@gmail.com,Juhi@1252,hij,startbuks,195,226
shobhaadugf@gmail.com,Juhi@1252,klm,ahold,196,227
stevetwuejczb@gmail.com,Juhi@1252,efg,ahold,197,228
patriciadavis@gmail.com,Juhi@1252,hij,startbuks,198,229
plplkdfond@gmail.com,Juhi@1252,klm,ahold,199,230
janetwuejczb@gmail.com,Juhi@1253,efg,ahold,200,231
neildijlghijgj@gmail.com,Juhi@1253,hij,startbuks,201,232
patriciastuart@gmail.com,Juhi@1253,klm,ahold,202,233
nicolearnold@gmail.com,Juhi@1253,efg,ahold,203,234
laurajefferson@gmail.com,Juhi@1253,hij,startbuks,204,235
shobhaygfa@gmail.com,Juhi@1253,klm,ahold,205,236
marysmith@gmail.com,Juhi@1253,efg,ahold,206,237
nicolestuart@gmail.com,Juhi@1253,hij,startbuks,207,238
charlesmartin@gmail.com,Juhi@1253,klm,ahold,208,239
iplmartin@gmail.com,Juhi@1253,efg,ahold,209,240
shikardavis@gmail.com,Juhi@1254,hij,startbuks,210,241
neilwilks@gmail.com,Juhi@1254,klm,ahold,211,242
michaeladugf@gmail.com,Juhi@1254,efg,ahold,212,243
samtwuejczb@gmail.com,Juhi@1254,hij,startbuks,213,244
kurtrobinson@gmail.com,Juhi@1254,klm,ahold,214,245
asvinistuart@gmail.com,Juhi@1254,efg,ahold,215,246
akshayplkdfond@gmail.com,Juhi@1254,hij,startbuks,216,247
joeasdgagh@gmail.com,Juhi@1254,klm,ahold,217,248
robertstuart@gmail.com,Juhi@1254,efg,ahold,218,249
msdavis@gmail.com,Juhi@1254,hij,startbuks,219,250
manjuadugf@gmail.com,Juhi@1255,klm,ahold,220,251
msbrown@gmail.com,Juhi@1255,efg,ahold,221,252
traviskumargadhiya@gmail.com,Juhi@1255,hij,startbuks,222,253
aishujacobs@gmail.com,Juhi@1255,klm,ahold,223,254
robertjackson@gmail.com,Juhi@1255,efg,ahold,224,255
hemaljacobs@gmail.com,Juhi@1255,hij,startbuks,225,256
abcdjefferson@gmail.com,Juhi@1255,klm,ahold,226,257
barbarabrown@gmail.com,Juhi@1255,efg,ahold,227,258
abcdwilson@gmail.com,Juhi@1255,hij,startbuks,228,259
shikarasdasjkkj@gmail.com,Juhi@1255,klm,ahold,229,260
ashwinismith@gmail.com,Juhi@1256,efg,ahold,230,261
kedarjohnson@gmail.com,Juhi@1256,hij,startbuks,231,262
machastuart@gmail.com,Juhi@1256,klm,ahold,232,263
mariaasdugas@gmail.com,Juhi@1256,efg,ahold,233,264
ecfgtdijlghijgj@gmail.com,Juhi@1256,hij,startbuks,234,265
samwhite@gmail.com,Juhi@1256,klm,ahold,235,266
suuuwilks@gmail.com,Juhi@1256,efg,ahold,236,267
satishtwuejczb@gmail.com,Juhi@1256,hij,startbuks,237,268
hemalgopala@gmail.com,Juhi@1256,klm,ahold,238,269
tommartin@gmail.com,Juhi@1256,efg,ahold,239,270
viratjenkins@gmail.com,Juhi@1257,hij,startbuks,240,271
sammartin@gmail.com,Juhi@1257,klm,ahold,241,272
kedarplkdfond@gmail.com,Juhi@1257,efg,ahold,242,273
thilakgopala@gmail.com,Juhi@1257,hij,startbuks,243,274
jenniferasdugas@gmail.com,Juhi@1257,klm,ahold,244,275
asvinimurgod@gmail.com,Juhi@1257,efg,ahold,245,276
karunjones@gmail.com,Juhi@1257,hij,startbuks,246,277
akshaybrown@gmail.com,Juhi@1257,klm,ahold,247,278
mohammedrobinson@gmail.com,Juhi@1257,efg,ahold,248,279
machaasdasjkkj@gmail.com,Juhi@1257,hij,startbuks,249,280
joejefferson@gmail.com,Juhi@1258,klm,ahold,250,281
shikarsurwihufd@gmail.com,Juhi@1258,efg,ahold,251,282
varunrobinson@gmail.com,Juhi@1258,hij,startbuks,252,283
machajones@gmail.com,Juhi@1258,klm,ahold,253,284
manjuwilliams@gmail.com,Juhi@1258,efg,ahold,254,285
varunwilks@gmail.com,Juhi@1258,hij,startbuks,255,286
kedariuerote@gmail.com,Juhi@1258,klm,ahold,256,287
coreyygfa@gmail.com,Juhi@1258,efg,ahold,257,288
varuniuerote@gmail.com,Juhi@1258,hij,startbuks,258,289
sharuygfa@gmail.com,Juhi@1258,klm,ahold,259,290
aishueuiewiu@gmail.com,Juhi@1259,efg,ahold,260,291
stevebrown@gmail.com,Juhi@1259,hij,startbuks,261,292
kedarwright@gmail.com,Juhi@1259,klm,ahold,262,293
patriciamoore@gmail.com,Juhi@1259,efg,ahold,263,294
bhuavanasdugas@gmail.com,Juhi@1259,hij,startbuks,264,295
bhushanmiller@gmail.com,Juhi@1259,klm,ahold,265,296
robertasdugas@gmail.com,Juhi@1259,efg,ahold,266,297
glennwhite@gmail.com,Juhi@1259,hij,startbuks,267,298
karunbrown@gmail.com,Juhi@1259,klm,ahold,268,299
ecfgtsurwihufd@gmail.com,Juhi@1259,efg,ahold,269,300
charleswilks@gmail.com,Juhi@1260,hij,startbuks,270,301
steveanabalagan@gmail.com,Juhi@1260,klm,ahold,271,302
thilakasdgagh@gmail.com,Juhi@1260,efg,ahold,272,303
joekumargadhiya@gmail.com,Juhi@1260,hij,startbuks,273,304
msmartin@gmail.com,Juhi@1260,klm,ahold,274,305
robertmoore@gmail.com,Juhi@1260,efg,ahold,275,306
michaelthomas@gmail.com,Juhi@1260,hij,startbuks,276,307
klplkdfond@gmail.com,Juhi@1260,klm,ahold,277,308
stevemoore@gmail.com,Juhi@1260,efg,ahold,278,309
asvinimoore@gmail.com,Juhi@1260,hij,startbuks,279,310
abcdthomas@gmail.com,Juhi@1261,klm,ahold,280,311
ishanthjones@gmail.com,Juhi@1261,efg,ahold,281,312
jamesmoore@gmail.com,Juhi@1261,hij,startbuks,282,313
davebrown@gmail.com,Juhi@1261,klm,ahold,283,314
sharudoe@gmail.com,Juhi@1261,efg,ahold,284,315
ishanthiuerote@gmail.com,Juhi@1261,hij,startbuks,285,316
shobanaygfa@gmail.com,Juhi@1261,klm,ahold,286,317
barbaratwuejczb@gmail.com,Juhi@1261,efg,ahold,287,318
shikarrobinson@gmail.com,Juhi@1261,hij,startbuks,288,319
bhushanjefferson@gmail.com,Juhi@1261,klm,ahold,289,320
jennifertaylor@gmail.com,Juhi@1262,efg,ahold,290,321
jenniferjacobs@gmail.com,Juhi@1262,hij,startbuks,291,322
davidjacobs@gmail.com,Juhi@1262,klm,ahold,292,323
pljacobs@gmail.com,Juhi@1262,efg,ahold,293,324
rohitarnold@gmail.com,Juhi@1262,hij,startbuks,294,325
davewilks@gmail.com,Juhi@1262,klm,ahold,295,326
ipldoe@gmail.com,Juhi@1262,efg,ahold,296,327
aishuiuerote@gmail.com,Juhi@1262,hij,startbuks,297,328
mariaasgdjas@gmail.com,Juhi@1262,klm,ahold,298,329
maggieasdgagh@gmail.com,Juhi@1262,efg,ahold,299,330
mohammeddavis@gmail.com,Juhi@1263,hij,startbuks,300,331
viratmartin@gmail.com,Juhi@1263,klm,ahold,301,332
jamesjacobs@gmail.com,Juhi@1263,efg,ahold,302,333
travismartin@gmail.com,Juhi@1263,hij,startbuks,303,334
mariajefferson@gmail.com,Juhi@1263,klm,ahold,304,335
thilakmiller@gmail.com,Juhi@1263,efg,ahold,305,336
coreybrown@gmail.com,Juhi@1263,hij,startbuks,306,337
ashwiniiuerote@gmail.com,Juhi@1263,klm,ahold,307,338
travismurgod@gmail.com,Juhi@1263,efg,ahold,308,339
ecfgtwright@gmail.com,Juhi@1263,hij,startbuks,309,340
robertkumargadhiya@gmail.com,Juhi@1264,klm,ahold,310,341
abcdwhite@gmail.com,Juhi@1264,efg,ahold,311,342
steveadugf@gmail.com,Juhi@1264,hij,startbuks,312,343
janejacobs@gmail.com,Juhi@1264,klm,ahold,313,344
nicolejohnson@gmail.com,Juhi@1264,efg,ahold,314,345
jameswright@gmail.com,Juhi@1264,hij,startbuks,315,346
rohitagyuyaugfr@gmail.com,Juhi@1264,klm,ahold,316,347
joewhite@gmail.com,Juhi@1264,efg,ahold,317,348
neilgopala@gmail.com,Juhi@1264,hij,startbuks,318,349
ishanthwilliams@gmail.com,Juhi@1264,klm,ahold,319,350
coreyasgdjas@gmail.com,Juhi@1265,efg,ahold,320,351
daveiuerote@gmail.com,Juhi@1265,hij,startbuks,321,352
maggiewright@gmail.com,Juhi@1265,klm,ahold,322,353
travistwuejczb@gmail.com,Juhi@1265,efg,ahold,323,354
plagyuyaugfr@gmail.com,Juhi@1265,hij,startbuks,324,355
elizabethsurwihufd@gmail.com,Juhi@1265,klm,ahold,325,356
jenniferwhite@gmail.com,Juhi@1265,efg,ahold,326,357
karunwilliams@gmail.com,Juhi@1265,hij,startbuks,327,358
kurttaylor@gmail.com,Juhi@1265,klm,ahold,328,359
neilagyuyaugfr@gmail.com,Juhi@1265,efg,ahold,329,360
daveasdugas@gmail.com,Juhi@1266,hij,startbuks,330,361
rohittaylor@gmail.com,Juhi@1266,klm,ahold,331,362
mariathomas@gmail.com,Juhi@1266,efg,ahold,332,363
mariasurwihufd@gmail.com,Juhi@1266,hij,startbuks,333,364
karunwright@gmail.com,Juhi@1266,klm,ahold,334,365
ipljacobs@gmail.com,Juhi@1266,efg,ahold,335,366
sharurobinson@gmail.com,Juhi@1266,hij,startbuks,336,367
pljones@gmail.com,Juhi@1266,klm,ahold,337,368
nicoledoe@gmail.com,Juhi@1266,efg,ahold,338,369
karunmurgod@gmail.com,Juhi@1266,hij,startbuks,339,370
bhushanpatterson@gmail.com,Juhi@1267,klm,ahold,340,371
coreyanabalagan@gmail.com,Juhi@1267,efg,ahold,341,372
asviniplkdfond@gmail.com,Juhi@1267,hij,startbuks,342,373
nicoleharris@gmail.com,Juhi@1267,klm,ahold,343,374
hemaljohnson@gmail.com,Juhi@1267,efg,ahold,344,375
bhuavanmurgod@gmail.com,Juhi@1267,hij,startbuks,345,376
mariabrown@gmail.com,Juhi@1267,klm,ahold,346,377
laurawright@gmail.com,Juhi@1267,efg,ahold,347,378
akshaywilliams@gmail.com,Juhi@1267,hij,startbuks,348,379
bhuavanmoore@gmail.com,Juhi@1267,klm,ahold,349,380
ishanththomas@gmail.com,Juhi@1268,efg,ahold,350,381
maryasdasjkkj@gmail.com,Juhi@1268,hij,startbuks,351,382
travisrobinson@gmail.com,Juhi@1268,klm,ahold,352,383
asvinijefferson@gmail.com,Juhi@1268,efg,ahold,353,384
shobanamiller@gmail.com,Juhi@1268,hij,startbuks,354,385
jamesadugf@gmail.com,Juhi@1268,klm,ahold,355,386
coreydavis@gmail.com,Juhi@1268,efg,ahold,356,387
sharuarnold@gmail.com,Juhi@1268,hij,startbuks,357,388
rohitdijlghijgj@gmail.com,Juhi@1268,klm,ahold,358,389
asviniarnold@gmail.com,Juhi@1268,efg,ahold,359,390
paavanrobinson@gmail.com,Juhi@1269,hij,startbuks,360,391
elizabethasdugas@gmail.com,Juhi@1269,klm,ahold,361,392
glennjohnson@gmail.com,Juhi@1269,efg,ahold,362,393
thilakjohnson@gmail.com,Juhi@1269,hij,startbuks,363,394
kurtgopala@gmail.com,Juhi@1269,klm,ahold,364,395
joeeuiewiu@gmail.com,Juhi@1269,efg,ahold,365,396
pldavis@gmail.com,Juhi@1269,hij,startbuks,366,397
robertharris@gmail.com,Juhi@1269,klm,ahold,367,398
hemaliuerote@gmail.com,Juhi@1269,efg,ahold,368,399
maggiejefferson@gmail.com,Juhi@1269,hij,startbuks,369,400
karunsmith@gmail.com,Juhi@1270,klm,ahold,370,401
karunmartin@gmail.com,Juhi@1270,efg,ahold,371,402
abcdadugf@gmail.com,Juhi@1270,hij,startbuks,372,403
shikarwilks@gmail.com,Juhi@1270,klm,ahold,373,404
robertjohnson@gmail.com,Juhi@1270,efg,ahold,374,405
abcdplkdfond@gmail.com,Juhi@1270,hij,startbuks,375,406
hemalwright@gmail.com,Juhi@1270,klm,ahold,376,407
nicolethomas@gmail.com,Juhi@1270,efg,ahold,377,408
machamoore@gmail.com,Juhi@1270,hij,startbuks,378,409
maggiedavis@gmail.com,Juhi@1270,klm,ahold,379,410
charlespatterson@gmail.com,Juhi@1271,efg,ahold,380,411
plmartin@gmail.com,Juhi@1271,hij,startbuks,381,412
johnsmith@gmail.com,Juhi@1271,klm,ahold,382,413
rohitasdasjkkj@gmail.com,Juhi@1271,efg,ahold,383,414
glennarnold@gmail.com,Juhi@1271,hij,startbuks,384,415
suuuygfa@gmail.com,Juhi@1271,klm,ahold,385,416
bhushanthomas@gmail.com,Juhi@1271,efg,ahold,386,417
travissmith@gmail.com,Juhi@1271,hij,startbuks,387,418
aishuwhite@gmail.com,Juhi@1271,klm,ahold,388,419
rohitbrown@gmail.com,Juhi@1271,efg,ahold,389,420
samygfa@gmail.com,Juhi@1272,hij,startbuks,390,421
asviniwilliams@gmail.com,Juhi@1272,klm,ahold,391,422
ashwinistuart@gmail.com,Juhi@1272,efg,ahold,392,423
stevepatterson@gmail.com,Juhi@1272,hij,startbuks,393,424
ecfgtarnold@gmail.com,Juhi@1272,klm,ahold,394,425
thilaksmith@gmail.com,Juhi@1272,efg,ahold,395,426
sharuiuerote@gmail.com,Juhi@1272,hij,startbuks,396,427
paavanjefferson@gmail.com,Juhi@1272,klm,ahold,397,428
thilakjacobs@gmail.com,Juhi@1272,efg,ahold,398,429
lindaadugf@gmail.com,Juhi@1272,hij,startbuks,399,430
charlesjones@gmail.com,Juhi@1273,klm,ahold,400,431
aishusmith@gmail.com,Juhi@1273,efg,ahold,401,432
charlesanabalagan@gmail.com,Juhi@1273,hij,startbuks,402,433
traviswright@gmail.com,Juhi@1273,klm,ahold,403,434
charlesygfa@gmail.com,Juhi@1273,efg,ahold,404,435
shikarwilson@gmail.com,Juhi@1273,hij,startbuks,405,436
mohammedwilson@gmail.com,Juhi@1273,klm,ahold,406,437
viratwright@gmail.com,Juhi@1273,efg,ahold,407,438
suuumiller@gmail.com,Juhi@1273,hij,startbuks,408,439
mohammedeuiewiu@gmail.com,Juhi@1273,klm,ahold,409,440
asvinitaylor@gmail.com,Juhi@1274,efg,ahold,410,441
glennanderson@gmail.com,Juhi@1274,hij,startbuks,411,442
joegopala@gmail.com,Juhi@1274,klm,ahold,412,443
shobhataylor@gmail.com,Juhi@1274,efg,ahold,413,444
neilanabalagan@gmail.com,Juhi@1274,hij,startbuks,414,445
glennwright@gmail.com,Juhi@1274,klm,ahold,415,446
manjuharris@gmail.com,Juhi@1274,efg,ahold,416,447
stevemartin@gmail.com,Juhi@1274,hij,startbuks,417,448
daveanderson@gmail.com,Juhi@1274,klm,ahold,418,449
ashwinijackson@gmail.com,Juhi@1274,efg,ahold,419,450
sammurgod@gmail.com,Juhi@1275,hij,startbuks,420,451
marypatterson@gmail.com,Juhi@1275,klm,ahold,421,452
maggieagyuyaugfr@gmail.com,Juhi@1275,efg,ahold,422,453
michaelanabalagan@gmail.com,Juhi@1275,hij,startbuks,423,454
varunadugf@gmail.com,Juhi@1275,klm,ahold,424,455
joewilliams@gmail.com,Juhi@1275,efg,ahold,425,456
davidanabalagan@gmail.com,Juhi@1275,hij,startbuks,426,457
akshaydoe@gmail.com,Juhi@1275,klm,ahold,427,458
patriciabrown@gmail.com,Juhi@1275,efg,ahold,428,459
bhushanasdgagh@gmail.com,Juhi@1275,hij,startbuks,429,460
bhuavanwright@gmail.com,Juhi@1276,klm,ahold,430,461
kedarasdgagh@gmail.com,Juhi@1276,efg,ahold,431,462
shikartwuejczb@gmail.com,Juhi@1276,hij,startbuks,432,463
manjutaylor@gmail.com,Juhi@1276,klm,ahold,433,464
satishharris@gmail.com,Juhi@1276,efg,ahold,434,465
johnygfa@gmail.com,Juhi@1276,hij,startbuks,435,466
barbarawright@gmail.com,Juhi@1276,klm,ahold,436,467
ishanthkumargadhiya@gmail.com,Juhi@1276,efg,ahold,437,468
shobanawilks@gmail.com,Juhi@1276,hij,startbuks,438,469
elizabethbrown@gmail.com,Juhi@1276,klm,ahold,439,470
coreythomas@gmail.com,Juhi@1277,efg,ahold,440,471
kurtkumargadhiya@gmail.com,Juhi@1277,hij,startbuks,441,472
michaeljacobs@gmail.com,Juhi@1277,klm,ahold,442,473
marydavis@gmail.com,Juhi@1277,efg,ahold,443,474
jamesharris@gmail.com,Juhi@1277,hij,startbuks,444,475
marygopala@gmail.com,Juhi@1277,klm,ahold,445,476
suuuadugf@gmail.com,Juhi@1277,efg,ahold,446,477
hemaljones@gmail.com,Juhi@1277,hij,startbuks,447,478
stevewilliams@gmail.com,Juhi@1277,klm,ahold,448,479
machaarnold@gmail.com,Juhi@1277,efg,ahold,449,480
satishjacobs@gmail.com,Juhi@1278,hij,startbuks,450,481
coreymoore@gmail.com,Juhi@1278,klm,ahold,451,482
jennifertwuejczb@gmail.com,Juhi@1278,efg,ahold,452,483
kedarstuart@gmail.com,Juhi@1278,hij,startbuks,453,484
johnwilson@gmail.com,Juhi@1278,klm,ahold,454,485
shobhaanabalagan@gmail.com,Juhi@1278,efg,ahold,455,486
neiltaylor@gmail.com,Juhi@1278,hij,startbuks,456,487
rohitthomas@gmail.com,Juhi@1278,klm,ahold,457,488
elizabethwilliams@gmail.com,Juhi@1278,efg,ahold,458,489
shobanawilliams@gmail.com,Juhi@1278,hij,startbuks,459,490
paavanwilson@gmail.com,Juhi@1279,klm,ahold,460,491
asvinimartin@gmail.com,Juhi@1279,efg,ahold,461,492
thilakeuiewiu@gmail.com,Juhi@1279,hij,startbuks,462,493
msjefferson@gmail.com,Juhi@1279,klm,ahold,463,494
ipliuerote@gmail.com,Juhi@1279,efg,ahold,464,495
steveasdugas@gmail.com,Juhi@1279,hij,startbuks,465,496
sharuanderson@gmail.com,Juhi@1279,klm,ahold,466,497
machaanabalagan@gmail.com,Juhi@1279,efg,ahold,467,498
shobhakumargadhiya@gmail.com,Juhi@1279,hij,startbuks,468,499
kedaragyuyaugfr@gmail.com,Juhi@1279,klm,ahold,469,500
paavandijlghijgj@gmail.com,Juhi@1280,efg,ahold,470,501
janerobinson@gmail.com,Juhi@1280,hij,startbuks,471,502
charlesasdugas@gmail.com,Juhi@1280,klm,ahold,472,503
jameswilks@gmail.com,Juhi@1280,efg,ahold,473,504
abcdmoore@gmail.com,Juhi@1280,hij,startbuks,474,505
johnwilliams@gmail.com,Juhi@1280,klm,ahold,475,506
elizabetheuiewiu@gmail.com,Juhi@1280,efg,ahold,476,507
klasdasjkkj@gmail.com,Juhi@1280,hij,startbuks,477,508
hemalthomas@gmail.com,Juhi@1280,klm,ahold,478,509
maggiebrown@gmail.com,Juhi@1280,efg,ahold,479,510
paavanwilliams@gmail.com,Juhi@1281,hij,startbuks,480,511
manjujacobs@gmail.com,Juhi@1281,klm,ahold,481,512
janepatterson@gmail.com,Juhi@1281,efg,ahold,482,513
sharuadugf@gmail.com,Juhi@1281,hij,startbuks,483,514
viratgopala@gmail.com,Juhi@1281,klm,ahold,484,515
davejefferson@gmail.com,Juhi@1281,efg,ahold,485,516
plasgdjas@gmail.com,Juhi@1281,hij,startbuks,486,517
stevejefferson@gmail.com,Juhi@1281,klm,ahold,487,518
stevedoe@gmail.com,Juhi@1281,efg,ahold,488,519
jamesarnold@gmail.com,Juhi@1281,hij,startbuks,489,520
elizabethygfa@gmail.com,Juhi@1282,klm,ahold,490,521
elizabethdoe@gmail.com,Juhi@1282,efg,ahold,491,522
ishanthharris@gmail.com,Juhi@1282,hij,startbuks,492,523
akshayagyuyaugfr@gmail.com,Juhi@1282,klm,ahold,493,524
paavaneuiewiu@gmail.com,Juhi@1282,efg,ahold,494,525
msplkdfond@gmail.com,Juhi@1282,hij,startbuks,495,526
travisasgdjas@gmail.com,Juhi@1282,klm,ahold,496,527
kedararnold@gmail.com,Juhi@1282,efg,ahold,497,528
lindajackson@gmail.com,Juhi@1282,hij,startbuks,498,529
johnmartin@gmail.com,Juhi@1282,klm,ahold,499,530
nicolemartin@gmail.com,Juhi@1283,efg,ahold,500,531
nicolegopala@gmail.com,Juhi@1283,hij,startbuks,501,532
shobhabrown@gmail.com,Juhi@1283,klm,ahold,502,533
shikarpatterson@gmail.com,Juhi@1283,efg,ahold,503,534
suuuwhite@gmail.com,Juhi@1283,hij,startbuks,504,535
coreyrobinson@gmail.com,Juhi@1283,klm,ahold,505,536
akshaythomas@gmail.com,Juhi@1283,efg,ahold,506,537
sharudavis@gmail.com,Juhi@1283,hij,startbuks,507,538
rohitpatterson@gmail.com,Juhi@1283,klm,ahold,508,539
shobanaplkdfond@gmail.com,Juhi@1283,efg,ahold,509,540
abcdasdugas@gmail.com,Juhi@1284,hij,startbuks,510,541
kurtjones@gmail.com,Juhi@1284,klm,ahold,511,542
jamesdavis@gmail.com,Juhi@1284,efg,ahold,512,543
charlesjenkins@gmail.com,Juhi@1284,hij,startbuks,513,544
mariawilson@gmail.com,Juhi@1284,klm,ahold,514,545
coreyjohnson@gmail.com,Juhi@1284,efg,ahold,515,546
karuntaylor@gmail.com,Juhi@1284,hij,startbuks,516,547
akshaywilks@gmail.com,Juhi@1284,klm,ahold,517,548
nicoledijlghijgj@gmail.com,Juhi@1284,efg,ahold,518,549
elizabethwhite@gmail.com,Juhi@1284,hij,startbuks,519,550
barbaraygfa@gmail.com,Juhi@1285,klm,ahold,520,551
hemalmartin@gmail.com,Juhi@1285,efg,ahold,521,552
neilwilliams@gmail.com,Juhi@1285,hij,startbuks,522,553
karunplkdfond@gmail.com,Juhi@1285,klm,ahold,523,554
janejones@gmail.com,Juhi@1285,efg,ahold,524,555
robertwilks@gmail.com,Juhi@1285,hij,startbuks,525,556
abcddijlghijgj@gmail.com,Juhi@1285,klm,ahold,526,557
hemalagyuyaugfr@gmail.com,Juhi@1285,efg,ahold,527,558
elizabethplkdfond@gmail.com,Juhi@1285,hij,startbuks,528,559
michaelmoore@gmail.com,Juhi@1285,klm,ahold,529,560
bhushangopala@gmail.com,Juhi@1286,efg,ahold,530,561
robertiuerote@gmail.com,Juhi@1286,hij,startbuks,531,562
samasdasjkkj@gmail.com,Juhi@1286,klm,ahold,532,563
jenniferplkdfond@gmail.com,Juhi@1286,efg,ahold,533,564
abcdbrown@gmail.com,Juhi@1286,hij,startbuks,534,565
shikargopala@gmail.com,Juhi@1286,klm,ahold,535,566
davewhite@gmail.com,Juhi@1286,efg,ahold,536,567
manjuanderson@gmail.com,Juhi@1286,hij,startbuks,537,568
machaiuerote@gmail.com,Juhi@1286,klm,ahold,538,569
laurabrown@gmail.com,Juhi@1286,efg,ahold,539,570
kedarmurgod@gmail.com,Juhi@1287,hij,startbuks,540,571
abcdjenkins@gmail.com,Juhi@1287,klm,ahold,541,572
suuumoore@gmail.com,Juhi@1287,efg,ahold,542,573
stevewilks@gmail.com,Juhi@1287,hij,startbuks,543,574
ishanthjefferson@gmail.com,Juhi@1287,klm,ahold,544,575
travissurwihufd@gmail.com,Juhi@1287,efg,ahold,545,576
machamartin@gmail.com,Juhi@1287,hij,startbuks,546,577
satishmartin@gmail.com,Juhi@1287,klm,ahold,547,578
marykumargadhiya@gmail.com,Juhi@1287,efg,ahold,548,579
neiltwuejczb@gmail.com,Juhi@1287,hij,startbuks,549,580
traviswilson@gmail.com,Juhi@1288,klm,ahold,550,581
bhuavanwilks@gmail.com,Juhi@1288,efg,ahold,551,582
abcdtaylor@gmail.com,Juhi@1288,hij,startbuks,552,583
shobhaplkdfond@gmail.com,Juhi@1288,klm,ahold,553,584
paavanjacobs@gmail.com,Juhi@1288,efg,ahold,554,585
kljenkins@gmail.com,Juhi@1288,hij,startbuks,555,586
karunwhite@gmail.com,Juhi@1288,klm,ahold,556,587
satishygfa@gmail.com,Juhi@1288,efg,ahold,557,588
planderson@gmail.com,Juhi@1288,hij,startbuks,558,589
coreyarnold@gmail.com,Juhi@1288,klm,ahold,559,590
charlessurwihufd@gmail.com,Juhi@1289,efg,ahold,560,591
patriciaarnold@gmail.com,Juhi@1289,hij,startbuks,561,592
jenniferanderson@gmail.com,Juhi@1289,klm,ahold,562,593
tomstuart@gmail.com,Juhi@1289,efg,ahold,563,594
samsurwihufd@gmail.com,Juhi@1289,hij,startbuks,564,595
lindawilson@gmail.com,Juhi@1289,klm,ahold,565,596
satishjohnson@gmail.com,Juhi@1289,efg,ahold,566,597
akshayjenkins@gmail.com,Juhi@1289,hij,startbuks,567,598
jenniferdavis@gmail.com,Juhi@1289,klm,ahold,568,599
charlesadugf@gmail.com,Juhi@1289,efg,ahold,569,600
barbaraasdasjkkj@gmail.com,Juhi@1290,hij,startbuks,570,601
plwilks@gmail.com,Juhi@1290,klm,ahold,571,602
plgopala@gmail.com,Juhi@1290,efg,ahold,572,603
mariajones@gmail.com,Juhi@1290,hij,startbuks,573,604
maryanabalagan@gmail.com,Juhi@1290,klm,ahold,574,605
michaeljefferson@gmail.com,Juhi@1290,efg,ahold,575,606
charlesanderson@gmail.com,Juhi@1290,hij,startbuks,576,607
aishuasdgagh@gmail.com,Juhi@1290,klm,ahold,577,608
jamesjackson@gmail.com,Juhi@1290,efg,ahold,578,609
karunjohnson@gmail.com,Juhi@1290,hij,startbuks,579,610
michaelasdgagh@gmail.com,Juhi@1291,klm,ahold,580,611
johndavis@gmail.com,Juhi@1291,efg,ahold,581,612
machasmith@gmail.com,Juhi@1291,hij,startbuks,582,613
robertagyuyaugfr@gmail.com,Juhi@1291,klm,ahold,583,614
thilakasdasjkkj@gmail.com,Juhi@1291,efg,ahold,584,615
shobanabrown@gmail.com,Juhi@1291,hij,startbuks,585,616
rohitwilson@gmail.com,Juhi@1291,klm,ahold,586,617
aishutaylor@gmail.com,Juhi@1291,efg,ahold,587,618
joejackson@gmail.com,Juhi@1291,hij,startbuks,588,619
shikareuiewiu@gmail.com,Juhi@1291,klm,ahold,589,620
shikaradugf@gmail.com,Juhi@1292,efg,ahold,590,621
davidmurgod@gmail.com,Juhi@1292,hij,startbuks,591,622
maggiemoore@gmail.com,Juhi@1292,klm,ahold,592,623
karuntwuejczb@gmail.com,Juhi@1292,efg,ahold,593,624
glennkumargadhiya@gmail.com,Juhi@1292,hij,startbuks,594,625
sharujacobs@gmail.com,Juhi@1292,klm,ahold,595,626
robertwright@gmail.com,Juhi@1292,efg,ahold,596,627
nicoletwuejczb@gmail.com,Juhi@1292,hij,startbuks,597,628
iplagyuyaugfr@gmail.com,Juhi@1292,klm,ahold,598,629
thilakrobinson@gmail.com,Juhi@1292,efg,ahold,599,630
bhushanstuart@gmail.com,Juhi@1293,hij,startbuks,600,631
asviniwright@gmail.com,Juhi@1293,klm,ahold,601,632
rohitgopala@gmail.com,Juhi@1293,efg,ahold,602,633
charlesthomas@gmail.com,Juhi@1293,hij,startbuks,603,634
janewilks@gmail.com,Juhi@1293,klm,ahold,604,635
jamesmurgod@gmail.com,Juhi@1293,efg,ahold,605,636
ashwinithomas@gmail.com,Juhi@1293,hij,startbuks,606,637
klmoore@gmail.com,Juhi@1293,klm,ahold,607,638
bhuavanbrown@gmail.com,Juhi@1293,efg,ahold,608,639
kedarygfa@gmail.com,Juhi@1293,hij,startbuks,609,640
davidwilson@gmail.com,Juhi@1294,klm,ahold,610,641
nicolejenkins@gmail.com,Juhi@1294,efg,ahold,611,642
johniuerote@gmail.com,Juhi@1294,hij,startbuks,612,643
maggiejackson@gmail.com,Juhi@1294,klm,ahold,613,644
shobanamoore@gmail.com,Juhi@1294,efg,ahold,614,645
lindastuart@gmail.com,Juhi@1294,hij,startbuks,615,646
ipljohnson@gmail.com,Juhi@1294,klm,ahold,616,647
laurajohnson@gmail.com,Juhi@1294,efg,ahold,617,648
sharuasdasjkkj@gmail.com,Juhi@1294,hij,startbuks,618,649
samjackson@gmail.com,Juhi@1294,klm,ahold,619,650
barbaradavis@gmail.com,Juhi@1295,efg,ahold,620,651
nicoleasdgagh@gmail.com,Juhi@1295,hij,startbuks,621,652
machaplkdfond@gmail.com,Juhi@1295,klm,ahold,622,653
jenniferagyuyaugfr@gmail.com,Juhi@1295,efg,ahold,623,654
robertbrown@gmail.com,Juhi@1295,hij,startbuks,624,655
tomdijlghijgj@gmail.com,Juhi@1295,klm,ahold,625,656
msdijlghijgj@gmail.com,Juhi@1295,efg,ahold,626,657
pljefferson@gmail.com,Juhi@1295,hij,startbuks,627,658
davidgopala@gmail.com,Juhi@1295,klm,ahold,628,659
abcdrobinson@gmail.com,Juhi@1295,efg,ahold,629,660
steveygfa@gmail.com,Juhi@1296,hij,startbuks,630,661
nicoleasdugas@gmail.com,Juhi@1296,klm,ahold,631,662
bhushanmurgod@gmail.com,Juhi@1296,efg,ahold,632,663
shobanaagyuyaugfr@gmail.com,Juhi@1296,hij,startbuks,633,664
tomsurwihufd@gmail.com,Juhi@1296,klm,ahold,634,665
akshayanderson@gmail.com,Juhi@1296,efg,ahold,635,666
michaeljackson@gmail.com,Juhi@1296,hij,startbuks,636,667
coreyasdgagh@gmail.com,Juhi@1296,klm,ahold,637,668
virattaylor@gmail.com,Juhi@1296,efg,ahold,638,669
davesurwihufd@gmail.com,Juhi@1296,hij,startbuks,639,670
shikarmartin@gmail.com,Juhi@1297,klm,ahold,640,671
iplygfa@gmail.com,Juhi@1297,efg,ahold,641,672
paavanygfa@gmail.com,Juhi@1297,hij,startbuks,642,673
mohammedtaylor@gmail.com,Juhi@1297,klm,ahold,643,674
thilakwhite@gmail.com,Juhi@1297,efg,ahold,644,675
ashwinimoore@gmail.com,Juhi@1297,hij,startbuks,645,676
janearnold@gmail.com,Juhi@1297,klm,ahold,646,677
ishanthdavis@gmail.com,Juhi@1297,efg,ahold,647,678
sharuagyuyaugfr@gmail.com,Juhi@1297,hij,startbuks,648,679
sharuwilks@gmail.com,Juhi@1297,klm,ahold,649,680
iplrobinson@gmail.com,Juhi@1298,efg,ahold,650,681
joestuart@gmail.com,Juhi@1298,hij,startbuks,651,682
nicolewhite@gmail.com,Juhi@1298,klm,ahold,652,683
davetaylor@gmail.com,Juhi@1298,efg,ahold,653,684
mariagopala@gmail.com,Juhi@1298,hij,startbuks,654,685
glennthomas@gmail.com,Juhi@1298,klm,ahold,655,686
viratiuerote@gmail.com,Juhi@1298,efg,ahold,656,687
bhushanwilks@gmail.com,Juhi@1298,hij,startbuks,657,688
joeagyuyaugfr@gmail.com,Juhi@1298,klm,ahold,658,689
akshayadugf@gmail.com,Juhi@1298,efg,ahold,659,690
karuniuerote@gmail.com,Juhi@1299,hij,startbuks,660,691
bhuavanwilson@gmail.com,Juhi@1299,klm,ahold,661,692
shikarmurgod@gmail.com,Juhi@1299,efg,ahold,662,693
viratygfa@gmail.com,Juhi@1299,hij,startbuks,663,694
maggiejacobs@gmail.com,Juhi@1299,klm,ahold,664,695
travispatterson@gmail.com,Juhi@1299,efg,ahold,665,696
shikarkumargadhiya@gmail.com,Juhi@1299,hij,startbuks,666,697
robertjenkins@gmail.com,Juhi@1299,klm,ahold,667,698
maryagyuyaugfr@gmail.com,Juhi@1299,efg,ahold,668,699
machaygfa@gmail.com,Juhi@1299,hij,startbuks,669,700
akshaywright@gmail.com,Juhi@1300,klm,ahold,670,701
bhuavandavis@gmail.com,Juhi@1300,efg,ahold,671,702
lindaplkdfond@gmail.com,Juhi@1300,hij,startbuks,672,703
tomasdasjkkj@gmail.com,Juhi@1300,klm,ahold,673,704
barbarakumargadhiya@gmail.com,Juhi@1300,efg,ahold,674,705
bhuavangopala@gmail.com,Juhi@1300,hij,startbuks,675,706
charleswhite@gmail.com,Juhi@1300,klm,ahold,676,707
sharubrown@gmail.com,Juhi@1300,efg,ahold,677,708
davidsurwihufd@gmail.com,Juhi@1300,hij,startbuks,678,709
suuukumargadhiya@gmail.com,Juhi@1300,klm,ahold,679,710
ashwiniwilks@gmail.com,Juhi@1301,efg,ahold,680,711
tomasdgagh@gmail.com,Juhi@1301,hij,startbuks,681,712
patriciaplkdfond@gmail.com,Juhi@1301,klm,ahold,682,713
michaelharris@gmail.com,Juhi@1301,efg,ahold,683,714
stevejenkins@gmail.com,Juhi@1301,hij,startbuks,684,715
aishuasgdjas@gmail.com,Juhi@1301,klm,ahold,685,716
davidygfa@gmail.com,Juhi@1301,efg,ahold,686,717
shikartaylor@gmail.com,Juhi@1301,hij,startbuks,687,718
ashwinijacobs@gmail.com,Juhi@1301,klm,ahold,688,719
maggieiuerote@gmail.com,Juhi@1301,efg,ahold,689,720
steveanderson@gmail.com,Juhi@1302,hij,startbuks,690,721
lindaeuiewiu@gmail.com,Juhi@1302,klm,ahold,691,722
glennjefferson@gmail.com,Juhi@1302,efg,ahold,692,723
aishutwuejczb@gmail.com,Juhi@1302,hij,startbuks,693,724
neilkumargadhiya@gmail.com,Juhi@1302,klm,ahold,694,725
ishanthmoore@gmail.com,Juhi@1302,efg,ahold,695,726
ishanthjenkins@gmail.com,Juhi@1302,hij,startbuks,696,727
johnmurgod@gmail.com,Juhi@1302,klm,ahold,697,728
asvinigopala@gmail.com,Juhi@1302,efg,ahold,698,729
machaasdgagh@gmail.com,Juhi@1302,hij,startbuks,699,730
plharris@gmail.com,Juhi@1303,klm,ahold,700,731
mohammedbrown@gmail.com,Juhi@1303,efg,ahold,701,732
viratjones@gmail.com,Juhi@1303,hij,startbuks,702,733
paavanasdugas@gmail.com,Juhi@1303,klm,ahold,703,734
johnjones@gmail.com,Juhi@1303,efg,ahold,704,735
thilakjackson@gmail.com,Juhi@1303,hij,startbuks,705,736
neilasdugas@gmail.com,Juhi@1303,klm,ahold,706,737
joemartin@gmail.com,Juhi@1303,efg,ahold,707,738
michaeljenkins@gmail.com,Juhi@1303,hij,startbuks,708,739
lauraasdgagh@gmail.com,Juhi@1303,klm,ahold,709,740
mohammedanderson@gmail.com,Juhi@1304,efg,ahold,710,741
johndoe@gmail.com,Juhi@1304,hij,startbuks,711,742
kurtasdasjkkj@gmail.com,Juhi@1304,klm,ahold,712,743
johntaylor@gmail.com,Juhi@1304,efg,ahold,713,744
michaeljohnson@gmail.com,Juhi@1304,hij,startbuks,714,745
davemoore@gmail.com,Juhi@1304,klm,ahold,715,746
charleswilson@gmail.com,Juhi@1304,efg,ahold,716,747
varunthomas@gmail.com,Juhi@1304,hij,startbuks,717,748
maggiewilks@gmail.com,Juhi@1304,klm,ahold,718,749
satisheuiewiu@gmail.com,Juhi@1304,efg,ahold,719,750
karundavis@gmail.com,Juhi@1305,hij,startbuks,720,751
kedardoe@gmail.com,Juhi@1305,klm,ahold,721,752
lauraasdasjkkj@gmail.com,Juhi@1305,efg,ahold,722,753
viratasgdjas@gmail.com,Juhi@1305,hij,startbuks,723,754
rohitplkdfond@gmail.com,Juhi@1305,klm,ahold,724,755
patriciasmith@gmail.com,Juhi@1305,efg,ahold,725,756
ishanthpatterson@gmail.com,Juhi@1305,hij,startbuks,726,757
patriciajones@gmail.com,Juhi@1305,klm,ahold,727,758
bhuavanjacobs@gmail.com,Juhi@1305,efg,ahold,728,759
satishwilliams@gmail.com,Juhi@1305,hij,startbuks,729,760
mswilliams@gmail.com,Juhi@1306,klm,ahold,730,761
janeasdugas@gmail.com,Juhi@1306,efg,ahold,731,762
hemalwilson@gmail.com,Juhi@1306,hij,startbuks,732,763
suuuthomas@gmail.com,Juhi@1306,klm,ahold,733,764
ashwiniarnold@gmail.com,Juhi@1306,efg,ahold,734,765
neilmoore@gmail.com,Juhi@1306,hij,startbuks,735,766
neileuiewiu@gmail.com,Juhi@1306,klm,ahold,736,767
elizabethdijlghijgj@gmail.com,Juhi@1306,efg,ahold,737,768
abcdiuerote@gmail.com,Juhi@1306,hij,startbuks,738,769
bhuavananabalagan@gmail.com,Juhi@1306,klm,ahold,739,770
patriciaasdgagh@gmail.com,Juhi@1307,efg,ahold,740,771
barbaraasdgagh@gmail.com,Juhi@1307,hij,startbuks,741,772
karungopala@gmail.com,Juhi@1307,klm,ahold,742,773
sharuthomas@gmail.com,Juhi@1307,efg,ahold,743,774
jamesiuerote@gmail.com,Juhi@1307,hij,startbuks,744,775
paavanwright@gmail.com,Juhi@1307,klm,ahold,745,776
ashwinidavis@gmail.com,Juhi@1307,efg,ahold,746,777
janeiuerote@gmail.com,Juhi@1307,hij,startbuks,747,778
jenniferasdgagh@gmail.com,Juhi@1307,klm,ahold,748,779
mohammedjefferson@gmail.com,Juhi@1307,efg,ahold,749,780
travisarnold@gmail.com,Juhi@1308,hij,startbuks,750,781
daverobinson@gmail.com,Juhi@1308,klm,ahold,751,782
mohammedsmith@gmail.com,Juhi@1308,efg,ahold,752,783
jenniferpatterson@gmail.com,Juhi@1308,hij,startbuks,753,784
asviniwhite@gmail.com,Juhi@1308,klm,ahold,754,785
patriciawilson@gmail.com,Juhi@1308,efg,ahold,755,786
nicoleiuerote@gmail.com,Juhi@1308,hij,startbuks,756,787
glennsmith@gmail.com,Juhi@1308,klm,ahold,757,788
shobhasurwihufd@gmail.com,Juhi@1308,efg,ahold,758,789
maggieeuiewiu@gmail.com,Juhi@1308,hij,startbuks,759,790
maggiesmith@gmail.com,Juhi@1309,klm,ahold,760,791
mohammedwright@gmail.com,Juhi@1309,efg,ahold,761,792
paavanwhite@gmail.com,Juhi@1309,hij,startbuks,762,793
maryadugf@gmail.com,Juhi@1309,klm,ahold,763,794
paavanjackson@gmail.com,Juhi@1309,efg,ahold,764,795
patriciaasgdjas@gmail.com,Juhi@1309,hij,startbuks,765,796
akshaydavis@gmail.com,Juhi@1309,klm,ahold,766,797
mssmith@gmail.com,Juhi@1309,efg,ahold,767,798
davidiuerote@gmail.com,Juhi@1309,hij,startbuks,768,799
viratanabalagan@gmail.com,Juhi@1309,klm,ahold,769,800
ashwinitwuejczb@gmail.com,Juhi@1310,efg,ahold,770,801
jenniferjones@gmail.com,Juhi@1310,hij,startbuks,771,802
bhushanagyuyaugfr@gmail.com,Juhi@1310,klm,ahold,772,803
davejackson@gmail.com,Juhi@1310,efg,ahold,773,804
plsmith@gmail.com,Juhi@1310,hij,startbuks,774,805
jamestaylor@gmail.com,Juhi@1310,klm,ahold,775,806
ecfgtjacobs@gmail.com,Juhi@1310,efg,ahold,776,807
bhushandoe@gmail.com,Juhi@1310,hij,startbuks,777,808
ipldavis@gmail.com,Juhi@1310,klm,ahold,778,809
travisplkdfond@gmail.com,Juhi@1310,efg,ahold,779,810
stevetaylor@gmail.com,Juhi@1311,hij,startbuks,780,811
aishuplkdfond@gmail.com,Juhi@1311,klm,ahold,781,812
mswilks@gmail.com,Juhi@1311,efg,ahold,782,813
virattwuejczb@gmail.com,Juhi@1311,hij,startbuks,783,814
stevegopala@gmail.com,Juhi@1311,klm,ahold,784,815
karunasdugas@gmail.com,Juhi@1311,efg,ahold,785,816
kurtasdugas@gmail.com,Juhi@1311,hij,startbuks,786,817
maggiedijlghijgj@gmail.com,Juhi@1311,klm,ahold,787,818
kurtasdgagh@gmail.com,Juhi@1311,efg,ahold,788,819
shobhaasdasjkkj@gmail.com,Juhi@1311,hij,startbuks,789,820
robertplkdfond@gmail.com,Juhi@1312,klm,ahold,790,821
hemaltwuejczb@gmail.com,Juhi@1312,efg,ahold,791,822
jamesagyuyaugfr@gmail.com,Juhi@1312,hij,startbuks,792,823
aishumoore@gmail.com,Juhi@1312,klm,ahold,793,824
bhuavandijlghijgj@gmail.com,Juhi@1312,efg,ahold,794,825
paavanharris@gmail.com,Juhi@1312,hij,startbuks,795,826
shikarasdugas@gmail.com,Juhi@1312,klm,ahold,796,827
thilaktwuejczb@gmail.com,Juhi@1312,efg,ahold,797,828
abcdwilliams@gmail.com,Juhi@1312,hij,startbuks,798,829
tomarnold@gmail.com,Juhi@1312,klm,ahold,799,830
msjohnson@gmail.com,Juhi@1313,efg,ahold,800,831
davidasdugas@gmail.com,Juhi@1313,hij,startbuks,801,832
ecfgtwilliams@gmail.com,Juhi@1313,klm,ahold,802,833
marydijlghijgj@gmail.com,Juhi@1313,efg,ahold,803,834
viratwilks@gmail.com,Juhi@1313,hij,startbuks,804,835
coreyeuiewiu@gmail.com,Juhi@1313,klm,ahold,805,836
shobhawilliams@gmail.com,Juhi@1313,efg,ahold,806,837
michaelasgdjas@gmail.com,Juhi@1313,hij,startbuks,807,838
bhushanasgdjas@gmail.com,Juhi@1313,klm,ahold,808,839
shobhagopala@gmail.com,Juhi@1313,efg,ahold,809,840
glennjenkins@gmail.com,Juhi@1314,hij,startbuks,810,841
paavanthomas@gmail.com,Juhi@1314,klm,ahold,811,842
laurawilks@gmail.com,Juhi@1314,efg,ahold,812,843
kurtygfa@gmail.com,Juhi@1314,hij,startbuks,813,844
varunasdgagh@gmail.com,Juhi@1314,klm,ahold,814,845
tomdoe@gmail.com,Juhi@1314,efg,ahold,815,846
elizabethmiller@gmail.com,Juhi@1314,hij,startbuks,816,847
coreywilks@gmail.com,Juhi@1314,klm,ahold,817,848
jenniferiuerote@gmail.com,Juhi@1314,efg,ahold,818,849
ashwiniwhite@gmail.com,Juhi@1314,hij,startbuks,819,850
samgopala@gmail.com,Juhi@1315,klm,ahold,820,851
abcdwilks@gmail.com,Juhi@1315,efg,ahold,821,852
coreyjones@gmail.com,Juhi@1315,hij,startbuks,822,853
klmiller@gmail.com,Juhi@1315,klm,ahold,823,854
steveasdasjkkj@gmail.com,Juhi@1315,efg,ahold,824,855
pliuerote@gmail.com,Juhi@1315,hij,startbuks,825,856
joewilks@gmail.com,Juhi@1315,klm,ahold,826,857
charlesjohnson@gmail.com,Juhi@1315,efg,ahold,827,858
elizabethmurgod@gmail.com,Juhi@1315,hij,startbuks,828,859
janejefferson@gmail.com,Juhi@1315,klm,ahold,829,860
barbarajefferson@gmail.com,Juhi@1316,efg,ahold,830,861
maggiesurwihufd@gmail.com,Juhi@1316,hij,startbuks,831,862
asviniharris@gmail.com,Juhi@1316,klm,ahold,832,863
mseuiewiu@gmail.com,Juhi@1316,efg,ahold,833,864
robertasgdjas@gmail.com,Juhi@1316,hij,startbuks,834,865
paavanasgdjas@gmail.com,Juhi@1316,klm,ahold,835,866
janeadugf@gmail.com,Juhi@1316,efg,ahold,836,867
samtaylor@gmail.com,Juhi@1316,hij,startbuks,837,868
hemalarnold@gmail.com,Juhi@1316,klm,ahold,838,869
lauraasdugas@gmail.com,Juhi@1316,efg,ahold,839,870
varunjohnson@gmail.com,Juhi@1317,hij,startbuks,840,871
kedartaylor@gmail.com,Juhi@1317,klm,ahold,841,872
elizabethadugf@gmail.com,Juhi@1317,efg,ahold,842,873
johngopala@gmail.com,Juhi@1317,hij,startbuks,843,874
samplkdfond@gmail.com,Juhi@1317,klm,ahold,844,875
plwilson@gmail.com,Juhi@1317,efg,ahold,845,876
ashwinijones@gmail.com,Juhi@1317,hij,startbuks,846,877
suuujackson@gmail.com,Juhi@1317,klm,ahold,847,878
mohammedwilks@gmail.com,Juhi@1317,efg,ahold,848,879
robertwilliams@gmail.com,Juhi@1317,hij,startbuks,849,880
tomjohnson@gmail.com,Juhi@1318,klm,ahold,850,881
johnarnold@gmail.com,Juhi@1318,efg,ahold,851,882
iplharris@gmail.com,Juhi@1318,hij,startbuks,852,883
iplbrown@gmail.com,Juhi@1318,klm,ahold,853,884
asvinidijlghijgj@gmail.com,Juhi@1318,efg,ahold,854,885
bhushantwuejczb@gmail.com,Juhi@1318,hij,startbuks,855,886
rohitmartin@gmail.com,Juhi@1318,klm,ahold,856,887
aishudoe@gmail.com,Juhi@1318,efg,ahold,857,888
jamesanderson@gmail.com,Juhi@1318,hij,startbuks,858,889
ecfgtanderson@gmail.com,Juhi@1318,klm,ahold,859,890
davemiller@gmail.com,Juhi@1319,efg,ahold,860,891
machawilliams@gmail.com,Juhi@1319,hij,startbuks,861,892
satishanabalagan@gmail.com,Juhi@1319,klm,ahold,862,893
sharuplkdfond@gmail.com,Juhi@1319,efg,ahold,863,894
tomtwuejczb@gmail.com,Juhi@1319,hij,startbuks,864,895
manjuygfa@gmail.com,Juhi@1319,klm,ahold,865,896
klrobinson@gmail.com,Juhi@1319,efg,ahold,866,897
shikarbrown@gmail.com,Juhi@1319,hij,startbuks,867,898
thilakarnold@gmail.com,Juhi@1319,klm,ahold,868,899
shobanaasdgagh@gmail.com,Juhi@1319,efg,ahold,869,900
stevejohnson@gmail.com,Juhi@1320,hij,startbuks,870,901
jamesmiller@gmail.com,Juhi@1320,klm,ahold,871,902
asvinijacobs@gmail.com,Juhi@1320,efg,ahold,872,903
bhuavananderson@gmail.com,Juhi@1320,hij,startbuks,873,904
elizabethiuerote@gmail.com,Juhi@1320,klm,ahold,874,905
marysurwihufd@gmail.com,Juhi@1320,efg,ahold,875,906
nicolerobinson@gmail.com,Juhi@1320,hij,startbuks,876,907
sharuwilson@gmail.com,Juhi@1320,klm,ahold,877,908
ipleuiewiu@gmail.com,Juhi@1320,efg,ahold,878,909
kurttwuejczb@gmail.com,Juhi@1320,hij,startbuks,879,910
travisdijlghijgj@gmail.com,Juhi@1321,klm,ahold,880,911
neilwright@gmail.com,Juhi@1321,efg,ahold,881,912
joeasgdjas@gmail.com,Juhi@1321,hij,startbuks,882,913
joesmith@gmail.com,Juhi@1321,klm,ahold,883,914
davidwright@gmail.com,Juhi@1321,efg,ahold,884,915
suuuanderson@gmail.com,Juhi@1321,hij,startbuks,885,916
viratbrown@gmail.com,Juhi@1321,klm,ahold,886,917
jamesplkdfond@gmail.com,Juhi@1321,efg,ahold,887,918
mariataylor@gmail.com,Juhi@1321,hij,startbuks,888,919
patriciajohnson@gmail.com,Juhi@1321,klm,ahold,889,920
bhushananabalagan@gmail.com,Juhi@1322,efg,ahold,890,921
glenndijlghijgj@gmail.com,Juhi@1322,hij,startbuks,891,922
kedarsurwihufd@gmail.com,Juhi@1322,klm,ahold,892,923
machabrown@gmail.com,Juhi@1322,efg,ahold,893,924
hemaleuiewiu@gmail.com,Juhi@1322,hij,startbuks,894,925
davidjones@gmail.com,Juhi@1322,klm,ahold,895,926
shobanajones@gmail.com,Juhi@1322,efg,ahold,896,927
neildoe@gmail.com,Juhi@1322,hij,startbuks,897,928
akshayarnold@gmail.com,Juhi@1322,klm,ahold,898,929
sharuasdgagh@gmail.com,Juhi@1322,efg,ahold,899,930
samjefferson@gmail.com,Juhi@1323,hij,startbuks,900,931
jennifermurgod@gmail.com,Juhi@1323,klm,ahold,901,932
hemaldavis@gmail.com,Juhi@1323,efg,ahold,902,933
manjurobinson@gmail.com,Juhi@1323,hij,startbuks,903,934
jamesbrown@gmail.com,Juhi@1323,klm,ahold,904,935
davidadugf@gmail.com,Juhi@1323,efg,ahold,905,936
mohammedasdgagh@gmail.com,Juhi@1323,hij,startbuks,906,937
michaelsmith@gmail.com,Juhi@1323,klm,ahold,907,938
viratwilson@gmail.com,Juhi@1323,efg,ahold,908,939
suuuasdasjkkj@gmail.com,Juhi@1323,hij,startbuks,909,940
paavansmith@gmail.com,Juhi@1324,klm,ahold,910,941
karunadugf@gmail.com,Juhi@1324,efg,ahold,911,942
johnadugf@gmail.com,Juhi@1324,hij,startbuks,912,943
robertthomas@gmail.com,Juhi@1324,klm,ahold,913,944
laurakumargadhiya@gmail.com,Juhi@1324,efg,ahold,914,945
daviddavis@gmail.com,Juhi@1324,hij,startbuks,915,946
ecfgtrobinson@gmail.com,Juhi@1324,klm,ahold,916,947
samdavis@gmail.com,Juhi@1324,efg,ahold,917,948
kurtasgdjas@gmail.com,Juhi@1324,hij,startbuks,918,949
mariajackson@gmail.com,Juhi@1324,klm,ahold,919,950
mohammedjacobs@gmail.com,Juhi@1325,efg,ahold,920,951
varunasdugas@gmail.com,Juhi@1325,hij,startbuks,921,952
ishanthwhite@gmail.com,Juhi@1325,klm,ahold,922,953
maggiegopala@gmail.com,Juhi@1325,efg,ahold,923,954
iplwright@gmail.com,Juhi@1325,hij,startbuks,924,955
satishadugf@gmail.com,Juhi@1325,klm,ahold,925,956
neilasgdjas@gmail.com,Juhi@1325,efg,ahold,926,957
thilakadugf@gmail.com,Juhi@1325,hij,startbuks,927,958
ipljones@gmail.com,Juhi@1325,klm,ahold,928,959
lauragopala@gmail.com,Juhi@1325,efg,ahold,929,960
paavanmartin@gmail.com,Juhi@1326,hij,startbuks,930,961
abcdharris@gmail.com,Juhi@1326,klm,ahold,931,962
elizabethpatterson@gmail.com,Juhi@1326,efg,ahold,932,963
bhushankumargadhiya@gmail.com,Juhi@1326,hij,startbuks,933,964
robertanabalagan@gmail.com,Juhi@1326,klm,ahold,934,965
neilrobinson@gmail.com,Juhi@1326,efg,ahold,935,966
charlesdavis@gmail.com,Juhi@1326,hij,startbuks,936,967
shikarjones@gmail.com,Juhi@1326,klm,ahold,937,968
iplmurgod@gmail.com,Juhi@1326,efg,ahold,938,969
mswilson@gmail.com,Juhi@1326,hij,startbuks,939,970
maryygfa@gmail.com,Juhi@1327,klm,ahold,940,971
shobanamartin@gmail.com,Juhi@1327,efg,ahold,941,972
shikarjenkins@gmail.com,Juhi@1327,hij,startbuks,942,973
daveanabalagan@gmail.com,Juhi@1327,klm,ahold,943,974
travisjackson@gmail.com,Juhi@1327,efg,ahold,944,975
satishasdugas@gmail.com,Juhi@1327,hij,startbuks,945,976
kurtwright@gmail.com,Juhi@1327,klm,ahold,946,977
lindaygfa@gmail.com,Juhi@1327,efg,ahold,947,978
ecfgtmoore@gmail.com,Juhi@1327,hij,startbuks,948,979
shobhawhite@gmail.com,Juhi@1327,klm,ahold,949,980
ecfgtplkdfond@gmail.com,Juhi@1328,efg,ahold,950,981
marystuart@gmail.com,Juhi@1328,hij,startbuks,951,982
thilakdavis@gmail.com,Juhi@1328,klm,ahold,952,983
thilakwright@gmail.com,Juhi@1328,efg,ahold,953,984
kljacobs@gmail.com,Juhi@1328,hij,startbuks,954,985
patriciadoe@gmail.com,Juhi@1328,klm,ahold,955,986
suuuanabalagan@gmail.com,Juhi@1328,efg,ahold,956,987
barbarastuart@gmail.com,Juhi@1328,hij,startbuks,957,988
shikarwhite@gmail.com,Juhi@1328,klm,ahold,958,989
pldoe@gmail.com,Juhi@1328,efg,ahold,959,990
iplwilks@gmail.com,Juhi@1329,hij,startbuks,960,991
machajohnson@gmail.com,Juhi@1329,klm,ahold,961,992
janekumargadhiya@gmail.com,Juhi@1329,efg,ahold,962,993
rohitjackson@gmail.com,Juhi@1329,hij,startbuks,963,994
daviddijlghijgj@gmail.com,Juhi@1329,klm,ahold,964,995
traviswilks@gmail.com,Juhi@1329,efg,ahold,965,996
thilakmoore@gmail.com,Juhi@1329,hij,startbuks,966,997
ishanthjackson@gmail.com,Juhi@1329,klm,ahold,967,998
mohammedwhite@gmail.com,Juhi@1329,efg,ahold,968,999
janeanabalagan@gmail.com,Juhi@1329,hij,startbuks,969,1000
jenniferjenkins@gmail.com,Juhi@1330,klm,ahold,970,1001
varunanderson@gmail.com,Juhi@1330,efg,ahold,971,1002
shobhamurgod@gmail.com,Juhi@1330,hij,startbuks,972,1003
samharris@gmail.com,Juhi@1330,klm,ahold,973,1004
manjujenkins@gmail.com,Juhi@1330,efg,ahold,974,1005
mariamurgod@gmail.com,Juhi@1330,hij,startbuks,975,1006
davidrobinson@gmail.com,Juhi@1330,klm,ahold,976,1007
elizabethtaylor@gmail.com,Juhi@1330,efg,ahold,977,1008
iplasdasjkkj@gmail.com,Juhi@1330,hij,startbuks,978,1009
aishuagyuyaugfr@gmail.com,Juhi@1330,klm,ahold,979,1010
abcdgopala@gmail.com,Juhi@1331,efg,ahold,980,1011
lauradijlghijgj@gmail.com,Juhi@1331,hij,startbuks,981,1012
manjuwilson@gmail.com,Juhi@1331,klm,ahold,982,1013
steverobinson@gmail.com,Juhi@1331,efg,ahold,983,1014
samadugf@gmail.com,Juhi@1331,hij,startbuks,984,1015
paavanbrown@gmail.com,Juhi@1331,klm,ahold,985,1016
plwright@gmail.com,Juhi@1331,efg,ahold,986,1017
ecfgtjenkins@gmail.com,Juhi@1331,hij,startbuks,987,1018
abcdwright@gmail.com,Juhi@1331,klm,ahold,988,1019
shikarasdgagh@gmail.com,Juhi@1331,efg,ahold,989,1020
davejones@gmail.com,Juhi@1332,hij,startbuks,990,1021
paavanjenkins@gmail.com,Juhi@1332,klm,ahold,991,1022
rohitdavis@gmail.com,Juhi@1332,efg,ahold,992,1023
barbarawilliams@gmail.com,Juhi@1332,hij,startbuks,993,1024
satishdoe@gmail.com,Juhi@1332,klm,ahold,994,1025
karunpatterson@gmail.com,Juhi@1332,efg,ahold,995,1026
bhuavanmiller@gmail.com,Juhi@1332,hij,startbuks,996,1027
elizabethanabalagan@gmail.com,Juhi@1332,klm,ahold,997,1028
joewright@gmail.com,Juhi@1332,efg,ahold,998,1029
mohammedharris@gmail.com,Juhi@1332,hij,startbuks,999,1030
lindajefferson@gmail.com,Juhi@1333,klm,ahold,1000,1031
suuumurgod@gmail.com,Juhi@1333,efg,ahold,1001,1032
shobanadavis@gmail.com,Juhi@1333,hij,startbuks,1002,1033
kleuiewiu@gmail.com,Juhi@1333,klm,ahold,1003,1034
suuujenkins@gmail.com,Juhi@1333,efg,ahold,1004,1035
kurtharris@gmail.com,Juhi@1333,hij,startbuks,1005,1036
michaeltwuejczb@gmail.com,Juhi@1333,klm,ahold,1006,1037
janeplkdfond@gmail.com,Juhi@1333,efg,ahold,1007,1038
asvinieuiewiu@gmail.com,Juhi@1333,hij,startbuks,1008,1039
glennpatterson@gmail.com,Juhi@1333,klm,ahold,1009,1040
maryjenkins@gmail.com,Juhi@1334,efg,ahold,1010,1041
samdijlghijgj@gmail.com,Juhi@1334,hij,startbuks,1011,1042
ashwinidoe@gmail.com,Juhi@1334,klm,ahold,1012,1043
shobanawilson@gmail.com,Juhi@1334,efg,ahold,1013,1044
bhushanharris@gmail.com,Juhi@1334,hij,startbuks,1014,1045
paavanstuart@gmail.com,Juhi@1334,klm,ahold,1015,1046
janewilliams@gmail.com,Juhi@1334,efg,ahold,1016,1047
nicoledavis@gmail.com,Juhi@1334,hij,startbuks,1017,1048
iplsmith@gmail.com,Juhi@1334,klm,ahold,1018,1049
satishasgdjas@gmail.com,Juhi@1334,efg,ahold,1019,1050
akshaypatterson@gmail.com,Juhi@1335,hij,startbuks,1020,1051
bhushanwright@gmail.com,Juhi@1335,klm,ahold,1021,1052
barbaragopala@gmail.com,Juhi@1335,efg,ahold,1022,1053
nicolesurwihufd@gmail.com,Juhi@1335,hij,startbuks,1023,1054
kljones@gmail.com,Juhi@1335,klm,ahold,1024,1055
karunwilson@gmail.com,Juhi@1335,efg,ahold,1025,1056
ashwiniwilson@gmail.com,Juhi@1335,hij,startbuks,1026,1057
samwright@gmail.com,Juhi@1335,klm,ahold,1027,1058
aishudavis@gmail.com,Juhi@1335,efg,ahold,1028,1059
suuusurwihufd@gmail.com,Juhi@1335,hij,startbuks,1029,1060
sameuiewiu@gmail.com,Juhi@1336,klm,ahold,1030,1061
abcdmartin@gmail.com,Juhi@1336,efg,ahold,1031,1062
rohitwhite@gmail.com,Juhi@1336,hij,startbuks,1032,1063
kedarjenkins@gmail.com,Juhi@1336,klm,ahold,1033,1064
davemurgod@gmail.com,Juhi@1336,efg,ahold,1034,1065
mohammediuerote@gmail.com,Juhi@1336,hij,startbuks,1035,1066
paavanplkdfond@gmail.com,Juhi@1336,klm,ahold,1036,1067
coreyharris@gmail.com,Juhi@1336,efg,ahold,1037,1068
bhushansmith@gmail.com,Juhi@1336,hij,startbuks,1038,1069
glennasdugas@gmail.com,Juhi@1336,klm,ahold,1039,1070
hemalwhite@gmail.com,Juhi@1337,efg,ahold,1040,1071
suuustuart@gmail.com,Juhi@1337,hij,startbuks,1041,1072
rohitadugf@gmail.com,Juhi@1337,klm,ahold,1042,1073
coreyasdasjkkj@gmail.com,Juhi@1337,efg,ahold,1043,1074
rohitiuerote@gmail.com,Juhi@1337,hij,startbuks,1044,1075
lindaasdasjkkj@gmail.com,Juhi@1337,klm,ahold,1045,1076
patriciaeuiewiu@gmail.com,Juhi@1337,efg,ahold,1046,1077
davidtaylor@gmail.com,Juhi@1337,hij,startbuks,1047,1078
klharris@gmail.com,Juhi@1337,klm,ahold,1048,1079
patriciajackson@gmail.com,Juhi@1337,efg,ahold,1049,1080
steveplkdfond@gmail.com,Juhi@1338,hij,startbuks,1050,1081
viratdavis@gmail.com,Juhi@1338,klm,ahold,1051,1082
hemalsurwihufd@gmail.com,Juhi@1338,efg,ahold,1052,1083
thilaktaylor@gmail.com,Juhi@1338,hij,startbuks,1053,1084
thilakjones@gmail.com,Juhi@1338,klm,ahold,1054,1085
paavanarnold@gmail.com,Juhi@1338,efg,ahold,1055,1086
stevethomas@gmail.com,Juhi@1338,hij,startbuks,1056,1087
ishanthygfa@gmail.com,Juhi@1338,klm,ahold,1057,1088
stevedijlghijgj@gmail.com,Juhi@1338,efg,ahold,1058,1089
sharutwuejczb@gmail.com,Juhi@1338,hij,startbuks,1059,1090
coreydijlghijgj@gmail.com,Juhi@1339,klm,ahold,1060,1091
akshaydijlghijgj@gmail.com,Juhi@1339,efg,ahold,1061,1092
thilakanabalagan@gmail.com,Juhi@1339,hij,startbuks,1062,1093
neiljefferson@gmail.com,Juhi@1339,klm,ahold,1063,1094
shobhapatterson@gmail.com,Juhi@1339,efg,ahold,1064,1095
bhushanjones@gmail.com,Juhi@1339,hij,startbuks,1065,1096
machatwuejczb@gmail.com,Juhi@1339,klm,ahold,1066,1097
lauraplkdfond@gmail.com,Juhi@1339,efg,ahold,1067,1098
paavangopala@gmail.com,Juhi@1339,hij,startbuks,1068,1099
ashwinikumargadhiya@gmail.com,Juhi@1339,klm,ahold,1069,1100
shobhaasgdjas@gmail.com,Juhi@1340,efg,ahold,1070,1101
samjohnson@gmail.com,Juhi@1340,hij,startbuks,1071,1102
coreymiller@gmail.com,Juhi@1340,klm,ahold,1072,1103
mariasmith@gmail.com,Juhi@1340,efg,ahold,1073,1104
varunstuart@gmail.com,Juhi@1340,hij,startbuks,1074,1105
coreystuart@gmail.com,Juhi@1340,klm,ahold,1075,1106
ecfgtwhite@gmail.com,Juhi@1340,efg,ahold,1076,1107
msjacobs@gmail.com,Juhi@1340,hij,startbuks,1077,1108
hemalsmith@gmail.com,Juhi@1340,klm,ahold,1078,1109
samjacobs@gmail.com,Juhi@1340,efg,ahold,1079,1110
sharustuart@gmail.com,Juhi@1341,hij,startbuks,1080,1111
maggiemiller@gmail.com,Juhi@1341,klm,ahold,1081,1112
mohammedagyuyaugfr@gmail.com,Juhi@1341,efg,ahold,1082,1113
tomwhite@gmail.com,Juhi@1341,hij,startbuks,1083,1114
satishwright@gmail.com,Juhi@1341,klm,ahold,1084,1115
janedoe@gmail.com,Juhi@1341,efg,ahold,1085,1116
kurtmiller@gmail.com,Juhi@1341,hij,startbuks,1086,1117
tomdavis@gmail.com,Juhi@1341,klm,ahold,1087,1118
shobanajenkins@gmail.com,Juhi@1341,efg,ahold,1088,1119
barbaraplkdfond@gmail.com,Juhi@1341,hij,startbuks,1089,1120
kurtmurgod@gmail.com,Juhi@1342,klm,ahold,1090,1121
varunygfa@gmail.com,Juhi@1342,efg,ahold,1091,1122
marybrown@gmail.com,Juhi@1342,hij,startbuks,1092,1123
lauraadugf@gmail.com,Juhi@1342,klm,ahold,1093,1124
machaagyuyaugfr@gmail.com,Juhi@1342,efg,ahold,1094,1125
patriciamurgod@gmail.com,Juhi@1342,hij,startbuks,1095,1126
jennifereuiewiu@gmail.com,Juhi@1342,klm,ahold,1096,1127
varunmartin@gmail.com,Juhi@1342,efg,ahold,1097,1128
plarnold@gmail.com,Juhi@1342,hij,startbuks,1098,1129
johnasdgagh@gmail.com,Juhi@1342,klm,ahold,1099,1130
bhuavanmartin@gmail.com,Juhi@1343,efg,ahold,1100,1131
pltaylor@gmail.com,Juhi@1343,hij,startbuks,1101,1132
ashwinijefferson@gmail.com,Juhi@1343,klm,ahold,1102,1133
glennwilliams@gmail.com,Juhi@1343,efg,ahold,1103,1134
viratsurwihufd@gmail.com,Juhi@1343,hij,startbuks,1104,1135
barbarawhite@gmail.com,Juhi@1343,klm,ahold,1105,1136
coreyagyuyaugfr@gmail.com,Juhi@1343,efg,ahold,1106,1137
hemalwilliams@gmail.com,Juhi@1343,hij,startbuks,1107,1138
sharugopala@gmail.com,Juhi@1343,klm,ahold,1108,1139
bhuavanstuart@gmail.com,Juhi@1343,efg,ahold,1109,1140
johnmiller@gmail.com,Juhi@1344,hij,startbuks,1110,1141
bhuavanasdgagh@gmail.com,Juhi@1344,klm,ahold,1111,1142
mariawhite@gmail.com,Juhi@1344,efg,ahold,1112,1143
satishasdasjkkj@gmail.com,Juhi@1344,hij,startbuks,1113,1144
davestuart@gmail.com,Juhi@1344,klm,ahold,1114,1145
rohiteuiewiu@gmail.com,Juhi@1344,efg,ahold,1115,1146
kldavis@gmail.com,Juhi@1344,hij,startbuks,1116,1147
bhushandijlghijgj@gmail.com,Juhi@1344,klm,ahold,1117,1148
pladugf@gmail.com,Juhi@1344,efg,ahold,1118,1149
sambrown@gmail.com,Juhi@1344,hij,startbuks,1119,1150
hemaladugf@gmail.com,Juhi@1345,klm,ahold,1120,1151
ipljefferson@gmail.com,Juhi@1345,efg,ahold,1121,1152
sharusurwihufd@gmail.com,Juhi@1345,hij,startbuks,1122,1153
janebrown@gmail.com,Juhi@1345,klm,ahold,1123,1154
asviniasdgagh@gmail.com,Juhi@1345,efg,ahold,1124,1155
msrobinson@gmail.com,Juhi@1345,hij,startbuks,1125,1156
asvinianabalagan@gmail.com,Juhi@1345,klm,ahold,1126,1157
satishjefferson@gmail.com,Juhi@1345,efg,ahold,1127,1158
kurtadugf@gmail.com,Juhi@1345,hij,startbuks,1128,1159
karuneuiewiu@gmail.com,Juhi@1345,klm,ahold,1129,1160
paavanagyuyaugfr@gmail.com,Juhi@1346,efg,ahold,1130,1161
viratjacobs@gmail.com,Juhi@1346,hij,startbuks,1131,1162
shobanagopala@gmail.com,Juhi@1346,klm,ahold,1132,1163
davidwilks@gmail.com,Juhi@1346,efg,ahold,1133,1164
lindakumargadhiya@gmail.com,Juhi@1346,hij,startbuks,1134,1165
kedargopala@gmail.com,Juhi@1346,klm,ahold,1135,1166
elizabethjefferson@gmail.com,Juhi@1346,efg,ahold,1136,1167
davidpatterson@gmail.com,Juhi@1346,hij,startbuks,1137,1168
lindaasgdjas@gmail.com,Juhi@1346,klm,ahold,1138,1169
michaelasdugas@gmail.com,Juhi@1346,efg,ahold,1139,1170
akshayjohnson@gmail.com,Juhi@1347,hij,startbuks,1140,1171
michaelanderson@gmail.com,Juhi@1347,klm,ahold,1141,1172
joejohnson@gmail.com,Juhi@1347,efg,ahold,1142,1173
kurtwilks@gmail.com,Juhi@1347,hij,startbuks,1143,1174
bhuavanharris@gmail.com,Juhi@1347,klm,ahold,1144,1175
akshaystuart@gmail.com,Juhi@1347,efg,ahold,1145,1176
varunsurwihufd@gmail.com,Juhi@1347,hij,startbuks,1146,1177
hemalpatterson@gmail.com,Juhi@1347,klm,ahold,1147,1178
viratrobinson@gmail.com,Juhi@1347,efg,ahold,1148,1179
manjuwright@gmail.com,Juhi@1347,hij,startbuks,1149,1180
mstaylor@gmail.com,Juhi@1348,klm,ahold,1150,1181
varunjones@gmail.com,Juhi@1348,efg,ahold,1151,1182
stevemurgod@gmail.com,Juhi@1348,hij,startbuks,1152,1183
shobhatwuejczb@gmail.com,Juhi@1348,klm,ahold,1153,1184
jenniferwilks@gmail.com,Juhi@1348,efg,ahold,1154,1185
elizabethmartin@gmail.com,Juhi@1348,hij,startbuks,1155,1186
charlesasdgagh@gmail.com,Juhi@1348,klm,ahold,1156,1187
kurtjohnson@gmail.com,Juhi@1348,efg,ahold,1157,1188
manjumiller@gmail.com,Juhi@1348,hij,startbuks,1158,1189
barbaramurgod@gmail.com,Juhi@1348,klm,ahold,1159,1190
travisdoe@gmail.com,Juhi@1349,efg,ahold,1160,1191
janetaylor@gmail.com,Juhi@1349,hij,startbuks,1161,1192
elizabetharnold@gmail.com,Juhi@1349,klm,ahold,1162,1193
maggieplkdfond@gmail.com,Juhi@1349,efg,ahold,1163,1194
satishmoore@gmail.com,Juhi@1349,hij,startbuks,1164,1195
patriciapatterson@gmail.com,Juhi@1349,klm,ahold,1165,1196
davesmith@gmail.com,Juhi@1349,efg,ahold,1166,1197
mspatterson@gmail.com,Juhi@1349,hij,startbuks,1167,1198
klwhite@gmail.com,Juhi@1349,klm,ahold,1168,1199
stevejackson@gmail.com,Juhi@1349,efg,ahold,1169,1200
aishuygfa@gmail.com,Juhi@1350,hij,startbuks,1170,1201
manjuarnold@gmail.com,Juhi@1350,klm,ahold,1171,1202
charlesgopala@gmail.com,Juhi@1350,efg,ahold,1172,1203
nicoleasgdjas@gmail.com,Juhi@1350,hij,startbuks,1173,1204
hemalasdugas@gmail.com,Juhi@1350,klm,ahold,1174,1205
laurajackson@gmail.com,Juhi@1350,efg,ahold,1175,1206
bhushandavis@gmail.com,Juhi@1350,hij,startbuks,1176,1207
viratjefferson@gmail.com,Juhi@1350,klm,ahold,1177,1208
aishuasdugas@gmail.com,Juhi@1350,efg,ahold,1178,1209
travisjones@gmail.com,Juhi@1350,hij,startbuks,1179,1210
bhuavanjefferson@gmail.com,Juhi@1351,klm,ahold,1180,1211
karunarnold@gmail.com,Juhi@1351,efg,ahold,1181,1212
coreytwuejczb@gmail.com,Juhi@1351,hij,startbuks,1182,1213
karunharris@gmail.com,Juhi@1351,klm,ahold,1183,1214
suuuiuerote@gmail.com,Juhi@1351,efg,ahold,1184,1215
plmoore@gmail.com,Juhi@1351,hij,startbuks,1185,1216
lauradavis@gmail.com,Juhi@1351,klm,ahold,1186,1217
mohammedarnold@gmail.com,Juhi@1351,efg,ahold,1187,1218
elizabethdavis@gmail.com,Juhi@1351,hij,startbuks,1188,1219
joedijlghijgj@gmail.com,Juhi@1351,klm,ahold,1189,1220
maryasdgagh@gmail.com,Juhi@1352,efg,ahold,1190,1221
maryjackson@gmail.com,Juhi@1352,hij,startbuks,1191,1222
maggiearnold@gmail.com,Juhi@1352,klm,ahold,1192,1223
johnjefferson@gmail.com,Juhi@1352,efg,ahold,1193,1224
johnagyuyaugfr@gmail.com,Juhi@1352,hij,startbuks,1194,1225
plpatterson@gmail.com,Juhi@1352,klm,ahold,1195,1226
davidharris@gmail.com,Juhi@1352,efg,ahold,1196,1227
lindaiuerote@gmail.com,Juhi@1352,hij,startbuks,1197,1228
bhushaneuiewiu@gmail.com,Juhi@1352,klm,ahold,1198,1229
glennmiller@gmail.com,Juhi@1352,efg,ahold,1199,1230
jenniferwilliams@gmail.com,Juhi@1353,hij,startbuks,1200,1231
nicoleanabalagan@gmail.com,Juhi@1353,klm,ahold,1201,1232
samsmith@gmail.com,Juhi@1353,efg,ahold,1202,1233
sammoore@gmail.com,Juhi@1353,hij,startbuks,1203,1234
johnpatterson@gmail.com,Juhi@1353,klm,ahold,1204,1235
ecfgtjohnson@gmail.com,Juhi@1353,efg,ahold,1205,1236
janewright@gmail.com,Juhi@1353,hij,startbuks,1206,1237
johnbrown@gmail.com,Juhi@1353,klm,ahold,1207,1238
machaeuiewiu@gmail.com,Juhi@1353,efg,ahold,1208,1239
karunjefferson@gmail.com,Juhi@1353,hij,startbuks,1209,1240
ishanthwilson@gmail.com,Juhi@1354,klm,ahold,1210,1241
jamessurwihufd@gmail.com,Juhi@1354,efg,ahold,1211,1242
suuubrown@gmail.com,Juhi@1354,hij,startbuks,1212,1243
bhuavansurwihufd@gmail.com,Juhi@1354,klm,ahold,1213,1244
davidmoore@gmail.com,Juhi@1354,efg,ahold,1214,1245
hemalmiller@gmail.com,Juhi@1354,hij,startbuks,1215,1246
charlesmurgod@gmail.com,Juhi@1354,klm,ahold,1216,1247
charlesdoe@gmail.com,Juhi@1354,efg,ahold,1217,1248
glennanabalagan@gmail.com,Juhi@1354,hij,startbuks,1218,1249
thilakjenkins@gmail.com,Juhi@1354,klm,ahold,1219,1250
msanderson@gmail.com,Juhi@1355,efg,ahold,1220,1251
manjumartin@gmail.com,Juhi@1355,hij,startbuks,1221,1252
kurtiuerote@gmail.com,Juhi@1355,klm,ahold,1222,1253
michaeldijlghijgj@gmail.com,Juhi@1355,efg,ahold,1223,1254
mariajacobs@gmail.com,Juhi@1355,hij,startbuks,1224,1255
joejenkins@gmail.com,Juhi@1355,klm,ahold,1225,1256
nicoleagyuyaugfr@gmail.com,Juhi@1355,efg,ahold,1226,1257
glenndavis@gmail.com,Juhi@1355,hij,startbuks,1227,1258
manjudavis@gmail.com,Juhi@1355,klm,ahold,1228,1259
nicoletaylor@gmail.com,Juhi@1355,efg,ahold,1229,1260
neilwhite@gmail.com,Juhi@1356,hij,startbuks,1230,1261
robertsurwihufd@gmail.com,Juhi@1356,klm,ahold,1231,1262
rohitsurwihufd@gmail.com,Juhi@1356,efg,ahold,1232,1263
suuujefferson@gmail.com,Juhi@1356,hij,startbuks,1233,1264
shobanastuart@gmail.com,Juhi@1356,klm,ahold,1234,1265
glennsurwihufd@gmail.com,Juhi@1356,efg,ahold,1235,1266
jenniferjackson@gmail.com,Juhi@1356,hij,startbuks,1236,1267
steveasgdjas@gmail.com,Juhi@1356,klm,ahold,1237,1268
coreyasdugas@gmail.com,Juhi@1356,efg,ahold,1238,1269
akshaykumargadhiya@gmail.com,Juhi@1356,hij,startbuks,1239,1270
samjenkins@gmail.com,Juhi@1357,klm,ahold,1240,1271
mariatwuejczb@gmail.com,Juhi@1357,efg,ahold,1241,1272
varunharris@gmail.com,Juhi@1357,hij,startbuks,1242,1273
satishjones@gmail.com,Juhi@1357,klm,ahold,1243,1274
manjuthomas@gmail.com,Juhi@1357,efg,ahold,1244,1275
michaelwilson@gmail.com,Juhi@1357,hij,startbuks,1245,1276
viratmoore@gmail.com,Juhi@1357,klm,ahold,1246,1277
klthomas@gmail.com,Juhi@1357,efg,ahold,1247,1278
plasdasjkkj@gmail.com,Juhi@1357,hij,startbuks,1248,1279
manjupatterson@gmail.com,Juhi@1357,klm,ahold,1249,1280
viratasdgagh@gmail.com,Juhi@1358,efg,ahold,1250,1281
samkumargadhiya@gmail.com,Juhi@1358,hij,startbuks,1251,1282
mswhite@gmail.com,Juhi@1358,klm,ahold,1252,1283
hemaltaylor@gmail.com,Juhi@1358,efg,ahold,1253,1284
coreyjacobs@gmail.com,Juhi@1358,hij,startbuks,1254,1285
manjukumargadhiya@gmail.com,Juhi@1358,klm,ahold,1255,1286
sharumoore@gmail.com,Juhi@1358,efg,ahold,1256,1287
joearnold@gmail.com,Juhi@1358,hij,startbuks,1257,1288
sharusmith@gmail.com,Juhi@1358,klm,ahold,1258,1289
abcdsurwihufd@gmail.com,Juhi@1358,efg,ahold,1259,1290
travismiller@gmail.com,Juhi@1359,hij,startbuks,1260,1291
karunygfa@gmail.com,Juhi@1359,klm,ahold,1261,1292
asvinisurwihufd@gmail.com,Juhi@1359,efg,ahold,1262,1293
ishanthanderson@gmail.com,Juhi@1359,hij,startbuks,1263,1294
iplasdgagh@gmail.com,Juhi@1359,klm,ahold,1264,1295
shobhadavis@gmail.com,Juhi@1359,efg,ahold,1265,1296
davideuiewiu@gmail.com,Juhi@1359,hij,startbuks,1266,1297
ishanthjacobs@gmail.com,Juhi@1359,klm,ahold,1267,1298
ishanthjohnson@gmail.com,Juhi@1359,efg,ahold,1268,1299
maggieanabalagan@gmail.com,Juhi@1359,hij,startbuks,1269,1300
thilakplkdfond@gmail.com,Juhi@1360,klm,ahold,1270,1301
ecfgtadugf@gmail.com,Juhi@1360,efg,ahold,1271,1302
nicolejackson@gmail.com,Juhi@1360,hij,startbuks,1272,1303
akshayeuiewiu@gmail.com,Juhi@1360,klm,ahold,1273,1304
janegopala@gmail.com,Juhi@1360,efg,ahold,1274,1305
abcdygfa@gmail.com,Juhi@1360,hij,startbuks,1275,1306
bhuavansmith@gmail.com,Juhi@1360,klm,ahold,1276,1307
davidmiller@gmail.com,Juhi@1360,efg,ahold,1277,1308
glenntwuejczb@gmail.com,Juhi@1360,hij,startbuks,1278,1309
bhushanmoore@gmail.com,Juhi@1360,klm,ahold,1279,1310
ashwinibrown@gmail.com,Juhi@1361,efg,ahold,1280,1311
plwhite@gmail.com,Juhi@1361,hij,startbuks,1281,1312
akshaygopala@gmail.com,Juhi@1361,klm,ahold,1282,1313
nicoleadugf@gmail.com,Juhi@1361,efg,ahold,1283,1314
suuusmith@gmail.com,Juhi@1361,hij,startbuks,1284,1315
johneuiewiu@gmail.com,Juhi@1361,klm,ahold,1285,1316
marythomas@gmail.com,Juhi@1361,efg,ahold,1286,1317
neilygfa@gmail.com,Juhi@1361,hij,startbuks,1287,1318
charlesiuerote@gmail.com,Juhi@1361,klm,ahold,1288,1319
jamesjohnson@gmail.com,Juhi@1361,efg,ahold,1289,1320
tomasdugas@gmail.com,Juhi@1362,hij,startbuks,1290,1321
thilakmurgod@gmail.com,Juhi@1362,klm,ahold,1291,1322
kedarsmith@gmail.com,Juhi@1362,efg,ahold,1292,1323
kedardavis@gmail.com,Juhi@1362,hij,startbuks,1293,1324
stevewright@gmail.com,Juhi@1362,klm,ahold,1294,1325
stevejones@gmail.com,Juhi@1362,efg,ahold,1295,1326
manjusurwihufd@gmail.com,Juhi@1362,hij,startbuks,1296,1327
kurtpatterson@gmail.com,Juhi@1362,klm,ahold,1297,1328
jennifermartin@gmail.com,Juhi@1362,efg,ahold,1298,1329
jenniferygfa@gmail.com,Juhi@1362,hij,startbuks,1299,1330
kurtjacobs@gmail.com,Juhi@1363,klm,ahold,1300,1331
coreykumargadhiya@gmail.com,Juhi@1363,efg,ahold,1301,1332
joeharris@gmail.com,Juhi@1363,hij,startbuks,1302,1333
michaelkumargadhiya@gmail.com,Juhi@1363,klm,ahold,1303,1334
rohitygfa@gmail.com,Juhi@1363,efg,ahold,1304,1335
aishustuart@gmail.com,Juhi@1363,hij,startbuks,1305,1336
samrobinson@gmail.com,Juhi@1363,klm,ahold,1306,1337
janethomas@gmail.com,Juhi@1363,efg,ahold,1307,1338
mstwuejczb@gmail.com,Juhi@1363,hij,startbuks,1308,1339
jenniferdoe@gmail.com,Juhi@1363,klm,ahold,1309,1340
rohitjenkins@gmail.com,Juhi@1364,efg,ahold,1310,1341
thilakagyuyaugfr@gmail.com,Juhi@1364,hij,startbuks,1311,1342
joeplkdfond@gmail.com,Juhi@1364,klm,ahold,1312,1343
maryrobinson@gmail.com,Juhi@1364,efg,ahold,1313,1344
barbaraanabalagan@gmail.com,Juhi@1364,hij,startbuks,1314,1345
plmiller@gmail.com,Juhi@1364,klm,ahold,1315,1346
steveasdgagh@gmail.com,Juhi@1364,efg,ahold,1316,1347
janemartin@gmail.com,Juhi@1364,hij,startbuks,1317,1348
janedavis@gmail.com,Juhi@1364,klm,ahold,1318,1349
tomkumargadhiya@gmail.com,Juhi@1364,efg,ahold,1319,1350
hemaljenkins@gmail.com,Juhi@1365,hij,startbuks,1320,1351
barbarathomas@gmail.com,Juhi@1365,klm,ahold,1321,1352
barbaraeuiewiu@gmail.com,Juhi@1365,efg,ahold,1322,1353
sharuanabalagan@gmail.com,Juhi@1365,hij,startbuks,1323,1354
suuuasdgagh@gmail.com,Juhi@1365,klm,ahold,1324,1355
joethomas@gmail.com,Juhi@1365,efg,ahold,1325,1356
aishumartin@gmail.com,Juhi@1365,hij,startbuks,1326,1357
glennygfa@gmail.com,Juhi@1365,klm,ahold,1327,1358
glennwilks@gmail.com,Juhi@1365,efg,ahold,1328,1359
elizabethstuart@gmail.com,Juhi@1365,hij,startbuks,1329,1360
abcdjones@gmail.com,Juhi@1366,klm,ahold,1330,1361
michaeltaylor@gmail.com,Juhi@1366,efg,ahold,1331,1362
lauramoore@gmail.com,Juhi@1366,hij,startbuks,1332,1363
davidanderson@gmail.com,Juhi@1366,klm,ahold,1333,1364
charlesjackson@gmail.com,Juhi@1366,efg,ahold,1334,1365
ipltaylor@gmail.com,Juhi@1366,hij,startbuks,1335,1366
manjudoe@gmail.com,Juhi@1366,klm,ahold,1336,1367
mariaanderson@gmail.com,Juhi@1366,efg,ahold,1337,1368
maggieanderson@gmail.com,Juhi@1366,hij,startbuks,1338,1369
jameskumargadhiya@gmail.com,Juhi@1366,klm,ahold,1339,1370
jenniferarnold@gmail.com,Juhi@1367,efg,ahold,1340,1371
hemalstuart@gmail.com,Juhi@1367,hij,startbuks,1341,1372
davearnold@gmail.com,Juhi@1367,klm,ahold,1342,1373
jenniferkumargadhiya@gmail.com,Juhi@1367,efg,ahold,1343,1374
ashwinimiller@gmail.com,Juhi@1367,hij,startbuks,1344,1375
jamesmartin@gmail.com,Juhi@1367,klm,ahold,1345,1376
shobanaasdasjkkj@gmail.com,Juhi@1367,efg,ahold,1346,1377
joeiuerote@gmail.com,Juhi@1367,hij,startbuks,1347,1378
ecfgtasdugas@gmail.com,Juhi@1367,klm,ahold,1348,1379
machadavis@gmail.com,Juhi@1367,efg,ahold,1349,1380
karunrobinson@gmail.com,Juhi@1368,hij,startbuks,1350,1381
suuuasgdjas@gmail.com,Juhi@1368,klm,ahold,1351,1382
suuuwilliams@gmail.com,Juhi@1368,efg,ahold,1352,1383
janestuart@gmail.com,Juhi@1368,hij,startbuks,1353,1384
patriciaharris@gmail.com,Juhi@1368,klm,ahold,1354,1385
laurajacobs@gmail.com,Juhi@1368,efg,ahold,1355,1386
lindaarnold@gmail.com,Juhi@1368,hij,startbuks,1356,1387
laurasmith@gmail.com,Juhi@1368,klm,ahold,1357,1388
viratplkdfond@gmail.com,Juhi@1368,efg,ahold,1358,1389
johnharris@gmail.com,Juhi@1368,hij,startbuks,1359,1390
ecfgtagyuyaugfr@gmail.com,Juhi@1369,klm,ahold,1360,1391
varunsmith@gmail.com,Juhi@1369,efg,ahold,1361,1392
abcdmiller@gmail.com,Juhi@1369,hij,startbuks,1362,1393
ipljenkins@gmail.com,Juhi@1369,klm,ahold,1363,1394
shikarplkdfond@gmail.com,Juhi@1369,efg,ahold,1364,1395
kliuerote@gmail.com,Juhi@1369,hij,startbuks,1365,1396
